D = propeller diameter [m],AEdAO = expanded area ratio,PdD = pitch ratio,Z = propeller's number of blades,P_B = power brake,n = Propeller angular speed [rpm],fitness,t075dD,tmin075dD,tal07R,cavLim,Vtip,Vtipmax,penalty,valid
0.8,0.8032696815619407,0.6668801599767593,6,107.08319415038218,107.08319415038218,-107.08319415038218
history
-158.14911051930167,-158.14911051930167,-158.14911051930167,-158.14911051930167,-158.14911051930167,-158.14911051930167,-158.14911051930167,-158.14911051930167,-158.14911051930167,-158.14911051930167,-158.14911051930167,-158.14911051930167,-158.14911051930167,-158.14911051930167,-158.14911051930167,-158.14911051930167,-158.14911051930167,-158.14911051930167,-158.14911051930167,-158.14911051930167,-158.14911051930167,-158.14911051930167,-158.14911051930167,-158.14911051930167,-158.14911051930167,-158.14911051930167,-158.14911051930167,-158.14911051930167,-158.14911051930167,-158.14911051930167
solver Name,V_S,NPOPULATION,MAX_ITERATION,SEED
DE,7.5,30,30,6
