D = propeller diameter [m],AEdAO = expanded area ratio,PdD = pitch ratio,Z = propeller's number of blades,P_B = power brake,n = Propeller angular speed [rpm],fitness,t075dD,tmin075dD,tal07R,cavLim,Vtip,Vtipmax,penalty,valid
0.8,0.727445478125609,0.6642291342120994,5,106.38026893993093,106.38026893993093,-106.38026893993093
history
-163.4961653291591,-163.4961653291591,-163.4961653291591,-163.4961653291591,-163.4961653291591,-109.6294786656085,-109.6294786656085,-108.39980937901004,-108.39980937901004,-108.39980937901004,-108.39980937901004,-108.39980937901004,-108.39980937901004,-108.39980937901004,-108.39980937901004,-108.39980937901004,-108.39980937901004,-108.39980937901004,-108.39980937901004,-108.39980937901004,-108.39980937901004,-108.39980937901004,-108.39980937901004,-108.39980937901004,-108.39980937901004,-108.39980937901004,-108.39980937901004,-108.39980937901004,-107.09858492416058,-107.09858492416058
solver Name,V_S,NPOPULATION,MAX_ITERATION,SEED
DE,7.5,30,30,0
