D = propeller diameter [m],AEdAO = expanded area ratio,PdD = pitch ratio,Z = propeller's number of blades,P_B = power brake,n = Propeller angular speed [rpm],fitness,t075dD,tmin075dD,tal07R,cavLim,Vtip,Vtipmax,penalty,valid
0.8,1.05,0.7664239236460985,6,,,-84.8180117266264
history
-84.82125460546743,-84.82125460546743,-84.82125460546743,-84.82125460546743,-84.82125460546743,-84.82125460546743,-84.82125460546743,-84.82125460546743,-84.82125460546743,-84.82125460546743,-84.82125460546743,-84.8180117266264,-84.8180117266264,-84.8180117266264,-84.8180117266264,-84.8180117266264,-84.8180117266264,-84.8180117266264,-84.8180117266264,-84.8180117266264,-84.8180117266264,-84.8180117266264,-84.8180117266264,-84.8180117266264,-84.8180117266264,-84.8180117266264,-84.8180117266264,-84.8180117266264,-84.8180117266264,-84.8180117266264
solver Name,V_S,NPOPULATION,MAX_ITERATION,SEED
openaies,7.0,10,30,8
