D = propeller diameter [m],AEdAO = expanded area ratio,PdD = pitch ratio,Z = propeller's number of blades,P_B = power brake,n = Propeller angular speed [rpm],fitness,t075dD,tmin075dD,tal07R,cavLim,Vtip,Vtipmax,penalty,valid
0.8,0.6523895335989616,0.6887058757305838,5,81.46818731793502,81.46818731793502,-81.46818731793502
history
-122.7432328345088,-122.7432328345088,-122.7432328345088,-122.7432328345088,-122.7432328345088,-122.7432328345088,-122.7432328345088,-122.7432328345088,-122.7432328345088,-122.7432328345088,-100.01209097257852,-94.59889135451564,-94.59889135451564,-94.59889135451564,-94.59889135451564,-88.72608271588074,-86.50715677486671,-86.50715677486671,-86.50715677486671,-86.50715677486671,-86.50715677486671,-86.50715677486671,-86.50715677486671,-83.26395609394908,-83.26395609394908,-82.05794051954761,-82.05794051954761,-81.9848563609077,-81.68013537312372,-81.68013537312372
solver Name,V_S,NPOPULATION,MAX_ITERATION,SEED
DE_mod,7.0,30,30,5
