D = propeller diameter [m],AEdAO = expanded area ratio,PdD = pitch ratio,Z = propeller's number of blades,P_B = power brake,n = Propeller angular speed [rpm],fitness,t075dD,tmin075dD,tal07R,cavLim,Vtip,Vtipmax,penalty,valid
0.8,0.6183046995337239,0.6390780016117833,5,81.49637722308822,81.49637722308822,-81.49637722308822
history
-89.05043429660715,-89.05043429660715,-89.05043429660715,-89.05043429660715,-89.05043429660715,-89.05043429660715,-89.05043429660715,-89.05043429660715,-89.05043429660715,-89.05043429660715,-89.05043429660715,-85.73452105112973,-85.73452105112973,-85.73452105112973,-85.73452105112973,-85.73452105112973,-85.73452105112973,-85.62226327217225,-84.93976365039464,-83.65894521726409,-83.65894521726409,-83.65894521726409,-83.65894521726409,-83.65894521726409,-82.31934511866199,-82.31934511866199,-81.49637722308822,-81.49637722308822,-81.49637722308822,-81.49637722308822
solver Name,V_S,NPOPULATION,MAX_ITERATION,SEED
DE,7.0,30,30,0
