D = propeller diameter [m],AEdAO = expanded area ratio,PdD = pitch ratio,Z = propeller's number of blades,P_B = power brake,n = Propeller angular speed [rpm],fitness,t075dD,tmin075dD,tal07R,cavLim,Vtip,Vtipmax,penalty,valid
0.8,0.6363687890027181,0.6733063933213059,5,81.41851528887194,81.41851528887194,-81.41851528887194
history
-98.44686527980984,-98.44686527980984,-98.44686527980984,-98.44686527980984,-98.44686527980984,-96.937659163979,-87.25001867298097,-82.93602043481702,-82.93602043481702,-82.93602043481702,-82.93602043481702,-82.93602043481702,-82.93602043481702,-82.93602043481702,-82.93602043481702,-81.87688302613033,-81.87688302613033,-81.87688302613033,-81.87688302613033,-81.87688302613033,-81.87688302613033,-81.87688302613033,-81.87688302613033,-81.87688302613033,-81.87688302613033,-81.87688302613033,-81.87688302613033,-81.87688302613033,-81.64642358706764,-81.64642358706764
solver Name,V_S,NPOPULATION,MAX_ITERATION,SEED
DE_mod,7.0,30,30,2
