D = propeller diameter [m],AEdAO = expanded area ratio,PdD = pitch ratio,Z = propeller's number of blades,P_B = power brake,n = Propeller angular speed [rpm],fitness,t075dD,tmin075dD,tal07R,cavLim,Vtip,Vtipmax,penalty,valid
0.8,0.7836439356446219,0.6369712280878338,5,,,-135.83440617810305
history
-170.345649318364,-135.83440617810305,-135.83440617810305,-135.83440617810305,-135.83440617810305,-135.83440617810305,-135.83440617810305,-135.83440617810305,-135.83440617810305,-135.83440617810305,-135.83440617810305,-135.83440617810305,-135.83440617810305,-135.83440617810305,-135.83440617810305,-135.83440617810305,-135.83440617810305,-135.83440617810305,-135.83440617810305,-135.83440617810305,-135.83440617810305,-135.83440617810305,-135.83440617810305,-135.83440617810305,-135.83440617810305,-135.83440617810305,-135.83440617810305,-135.83440617810305,-135.83440617810305,-135.83440617810305,-135.83440617810305,-135.83440617810305,-135.83440617810305,-135.83440617810305,-135.83440617810305,-135.83440617810305,-135.83440617810305,-135.83440617810305,-135.83440617810305,-135.83440617810305
