D = propeller diameter [m],AEdAO = expanded area ratio,PdD = pitch ratio,Z = propeller's number of blades,P_B = power brake,n = Propeller angular speed [rpm],fitness,t075dD,tmin075dD,tal07R,cavLim,Vtip,Vtipmax,penalty,valid
0.7999883542047184,0.8115321413123424,0.6851641147675026,6,,,-135.57864226606642
history
-262.84957099116497,-202.95298628920003,-178.8880091869291,-154.37158720969998,-138.9183787091202,-136.852343073899,-136.852343073899,-136.852343073899,-136.852343073899,-136.852343073899,-136.852343073899,-136.852343073899,-135.639861315302,-135.639861315302,-135.639861315302,-135.639861315302,-135.639861315302,-135.639861315302,-135.639861315302,-135.639861315302,-135.639861315302,-135.639861315302,-135.621754981733,-135.621754981733,-135.621754981733,-135.621754981733,-135.621754981733,-135.59324967505435,-135.59324967505435,-135.57864226606642
solver Name,V_S,NPOPULATION,MAX_ITERATION,SEED
cmaes,8.0,10,30,5
