D = propeller diameter [m],AEdAO = expanded area ratio,PdD = pitch ratio,Z = propeller's number of blades,P_B = power brake,n = Propeller angular speed [rpm],fitness,t075dD,tmin075dD,tal07R,cavLim,Vtip,Vtipmax,penalty,valid
0.7987916862035012,0.7794419497747973,0.6405609644583803,5,,,-135.8672440516342
history
-143.31383038254378,-143.31383038254378,-135.8672440516342,-135.8672440516342,-135.8672440516342,-135.8672440516342,-135.8672440516342,-135.8672440516342,-135.8672440516342,-135.8672440516342,-135.8672440516342,-135.8672440516342,-135.8672440516342,-135.8672440516342,-135.8672440516342,-135.8672440516342,-135.8672440516342,-135.8672440516342,-135.8672440516342,-135.8672440516342,-135.8672440516342,-135.8672440516342,-135.8672440516342,-135.8672440516342,-135.8672440516342,-135.8672440516342,-135.8672440516342,-135.8672440516342,-135.8672440516342,-135.8672440516342,-135.8672440516342,-135.8672440516342,-135.8672440516342,-135.8672440516342,-135.8672440516342,-135.8672440516342,-135.8672440516342,-135.8672440516342,-135.8672440516342,-135.8672440516342
