D = propeller diameter [m],AEdAO = expanded area ratio,PdD = pitch ratio,Z = propeller's number of blades,P_B = power brake,n = Propeller angular speed [rpm],fitness,t075dD,tmin075dD,tal07R,cavLim,Vtip,Vtipmax,penalty,valid
0.7998892512944187,0.8195352583563729,0.6926453303058542,6,,,-135.63918231953184
history
-245.90562600349554,-152.26738982061454,-152.26738982061454,-135.89649549374394,-135.89649549374394,-135.89649549374394,-135.89649549374394,-135.89649549374394,-135.89649549374394,-135.89649549374394,-135.89649549374394,-135.76580515118243,-135.76580515118243,-135.76580515118243,-135.76580515118243,-135.7333556785753,-135.7333556785753,-135.6519959206362,-135.6519959206362,-135.63918231953184
