D = propeller diameter [m],AEdAO = expanded area ratio,PdD = pitch ratio,Z = propeller's number of blades,P_B = power brake,n = Propeller angular speed [rpm],fitness,t075dD,tmin075dD,tal07R,cavLim,Vtip,Vtipmax,penalty,valid
0.7999877338891387,0.7918629829999732,0.6684001613041654,5,,,-135.57915323484696
history
-141.13246363413054,-141.13246363413054,-139.20423759035606,-137.64939507899425,-137.64939507899425,-136.65087781002615,-136.54988256084434,-136.30430794883233,-136.04304415379113,-136.04304415379113,-136.04304415379113,-135.9992924004788,-135.68461947121924,-135.68461947121924,-135.68461947121924,-135.68461947121924,-135.68461947121924,-135.6439111536699,-135.6439111536699,-135.6439111536699,-135.6439111536699,-135.6351845126984,-135.63258257947317,-135.63258257947317,-135.62789868857905,-135.59295849554962,-135.59295849554962,-135.59295849554962,-135.58596401816723,-135.57915323484696
solver Name,V_S,NPOPULATION,MAX_ITERATION,SEED
cmaes,8.0,10,30,0
