D = propeller diameter [m],AEdAO = expanded area ratio,PdD = pitch ratio,Z = propeller's number of blades,P_B = power brake,n = Propeller angular speed [rpm],fitness,t075dD,tmin075dD,tal07R,cavLim,Vtip,Vtipmax,penalty,valid
0.8,0.8213583642680062,0.6916795106491493,6,,,-135.64767029611096
history
-198.07612295478722,-140.48787032365541,-136.25917484045786,-136.25917484045786,-136.25917484045786,-135.69174466900816,-135.69174466900816,-135.69174466900816,-135.69174466900816,-135.64767029611096,-135.64767029611096,-135.64767029611096,-135.64767029611096,-135.64767029611096,-135.64767029611096,-135.64767029611096,-135.64767029611096,-135.64767029611096,-135.64767029611096,-135.64767029611096,-135.64767029611096,-135.64767029611096,-135.64767029611096,-135.64767029611096,-135.64767029611096,-135.64767029611096,-135.64767029611096,-135.64767029611096,-135.64767029611096,-135.64767029611096,-135.64767029611096,-135.64767029611096,-135.64767029611096,-135.64767029611096,-135.64767029611096,-135.64767029611096,-135.64767029611096,-135.64767029611096,-135.64767029611096,-135.64767029611096
