D = propeller diameter [m],AEdAO = expanded area ratio,PdD = pitch ratio,Z = propeller's number of blades,P_B = power brake,n = Propeller angular speed [rpm],fitness,t075dD,tmin075dD,tal07R,cavLim,Vtip,Vtipmax,penalty,valid
0.8,0.7395715294467118,0.6772452360399571,5,106.43679506051612,106.43679506051612,-106.43679506051612
history
-137.82462208600626,-137.82462208600626,-134.79720142195285,-134.79720142195285,-134.79720142195285,-131.5459284728892,-131.5459284728892,-131.5459284728892,-131.5459284728892,-116.40594934103058,-116.40594934103058,-116.40594934103058,-114.6281267184084,-114.6281267184084,-114.6281267184084,-114.6281267184084,-114.6281267184084,-112.175538511265,-112.175538511265,-109.5298385937282,-109.5298385937282,-109.5298385937282,-108.38046397017632,-108.06009360975403,-108.06009360975403,-108.06009360975403,-108.06009360975403,-108.06009360975403,-108.06009360975403,-108.04193407775192
solver Name,V_S,NPOPULATION,MAX_ITERATION,SEED
DE_mod,7.5,30,30,5
