D = propeller diameter [m],AEdAO = expanded area ratio,PdD = pitch ratio,Z = propeller's number of blades,P_B = power brake,n = Propeller angular speed [rpm],fitness,t075dD,tmin075dD,tal07R,cavLim,Vtip,Vtipmax,penalty,valid
0.7999721219320503,0.7974486656865316,0.6767101161291924,5,,,-135.61979105481913
history
-233.35734861193467,-163.77153161721927,-163.77153161721927,-140.09510293730878,-140.07072126174606,-140.07072126174606,-140.07072126174606,-140.07072126174606,-140.07072126174606,-137.32365201669563,-137.32365201669563,-137.32365201669563,-137.32365201669563,-137.32365201669563,-137.32365201669563,-137.32365201669563,-136.76261295171105,-136.58201792675922,-136.14733367288463,-135.90126444365058,-135.90126444365058,-135.85805872651608,-135.85805872651608,-135.85805872651608,-135.6973451583478,-135.6973451583478,-135.6973451583478,-135.6973451583478,-135.6973451583478,-135.61979105481913
