D = propeller diameter [m],AEdAO = expanded area ratio,PdD = pitch ratio,Z = propeller's number of blades,P_B = power brake,n = Propeller angular speed [rpm],fitness,t075dD,tmin075dD,tal07R,cavLim,Vtip,Vtipmax,penalty,valid
0.8,0.6745159743994698,0.6739413581654881,5,81.56563795763378,81.56563795763378,-81.56563795763378
history
-93.2458475763872,-93.2458475763872,-93.2458475763872,-93.2458475763872,-93.2458475763872,-93.2458475763872,-93.2458475763872,-93.2458475763872,-93.2458475763872,-93.2458475763872,-93.2458475763872,-93.2458475763872,-93.2458475763872,-93.2458475763872,-93.2458475763872,-88.57622773752382,-84.86850137396823,-84.09529931805658,-83.31083545996694,-83.31083545996694,-83.31083545996694,-83.31083545996694,-83.0554229096751,-83.0554229096751,-83.0554229096751,-82.01505051907417,-81.93380137861884,-81.93380137861884,-81.93380137861884,-81.71802959770447
solver Name,V_S,NPOPULATION,MAX_ITERATION,SEED
DE,7.0,30,30,6
