D = propeller diameter [m],AEdAO = expanded area ratio,PdD = pitch ratio,Z = propeller's number of blades,P_B = power brake,n = Propeller angular speed [rpm],fitness,t075dD,tmin075dD,tal07R,cavLim,Vtip,Vtipmax,penalty,valid
0.7999505698348068,0.70076448519333,0.6572116853317742,5,,,-106.20322219464035
history
-187.83206017440435,-115.91183738103568,-112.20210408964053,-107.08330000192285,-106.52393641735598,-106.52393641735598,-106.52393641735598,-106.52393641735598,-106.52393641735598,-106.52393641735598,-106.52393641735598,-106.52393641735598,-106.52393641735598,-106.52393641735598,-106.52393641735598,-106.52393641735598,-106.34708875088167,-106.34708875088167,-106.23977546722159,-106.23977546722159,-106.23977546722159,-106.23977546722159,-106.23977546722159,-106.23977546722159,-106.23977546722159,-106.20322219464035,-106.20322219464035,-106.20322219464035,-106.20322219464035,-106.20322219464035
solver Name,V_S,NPOPULATION,MAX_ITERATION,SEED
cmaes,7.5,10,30,1
