D = propeller diameter [m],AEdAO = expanded area ratio,PdD = pitch ratio,Z = propeller's number of blades,P_B = power brake,n = Propeller angular speed [rpm],fitness,t075dD,tmin075dD,tal07R,cavLim,Vtip,Vtipmax,penalty,valid
0.8,1.05,0.7491785976092468,6,,,-139.61054677638018
history
-152.66906073744474,-142.93616017556172,-139.62329515898404,-139.6220564515249,-139.6220564515249,-139.6220564515249,-139.61483294010415,-139.61483294010415,-139.61483294010415,-139.61483294010415,-139.61483294010415,-139.61483294010415,-139.61483294010415,-139.61483294010415,-139.61483294010415,-139.61483294010415,-139.61483294010415,-139.61483294010415,-139.61483294010415,-139.61483294010415,-139.61483294010415,-139.61483294010415,-139.61483294010415,-139.61483294010415,-139.61483294010415,-139.61483294010415,-139.61483294010415,-139.61483294010415,-139.6132084783333,-139.6132084783333,-139.6132084783333,-139.6132084783333,-139.6132084783333,-139.6132084783333,-139.6132084783333,-139.6132084783333,-139.6132084783333,-139.6132084783333,-139.6132084783333,-139.61054677638018
