D = propeller diameter [m],AEdAO = expanded area ratio,PdD = pitch ratio,Z = propeller's number of blades,P_B = power brake,n = Propeller angular speed [rpm],fitness,t075dD,tmin075dD,tal07R,cavLim,Vtip,Vtipmax,penalty,valid
0.7999964680772961,0.8078587032176879,0.6807890442957847,6,,,-135.56837048827657
history
-152.70702756428878,-140.03490520366793,-137.9993719171982,-137.08876350507012,-137.08876350507012,-137.08876350507012,-136.21513831136528,-136.21513831136528,-136.0751433465693,-136.0751433465693,-135.60560064510994,-135.60560064510994,-135.60560064510994,-135.60560064510994,-135.60560064510994,-135.60560064510994,-135.60560064510994,-135.60560064510994,-135.60560064510994,-135.5973654664485,-135.59687655171868,-135.59687655171868,-135.58546650664107,-135.57842192563774,-135.56897302950813,-135.56897302950813,-135.56897302950813,-135.56897302950813,-135.56897302950813,-135.56897302950813,-135.56897302950813,-135.56897302950813,-135.56897302950813,-135.56897302950813,-135.56897302950813,-135.56837048827657,-135.56837048827657,-135.56837048827657,-135.56837048827657,-135.56837048827657
