D = propeller diameter [m],AEdAO = expanded area ratio,PdD = pitch ratio,Z = propeller's number of blades,P_B = power brake,n = Propeller angular speed [rpm],fitness,t075dD,tmin075dD,tal07R,cavLim,Vtip,Vtipmax,penalty,valid
0.7999975493454038,0.8135370777092509,0.6881103208785787,6,,,-135.57978684401803
history
-406.56198767977804,-223.0416168040182,-152.90428356847877,-145.28603304756666,-137.00257969664094,-137.00257969664094,-137.00257969664094,-137.00257969664094,-136.04184304709614,-136.04184304709614,-136.04184304709614,-136.04184304709614,-136.04184304709614,-136.04184304709614,-136.04184304709614,-136.04184304709614,-136.04184304709614,-136.04184304709614,-136.04184304709614,-136.04184304709614,-135.62647907111636,-135.6038169832971,-135.6038169832971,-135.6038169832971,-135.6038169832971,-135.6038169832971,-135.6038169832971,-135.6038169832971,-135.6038169832971,-135.6038169832971,-135.60370778415003,-135.60370778415003,-135.60370778415003,-135.60370778415003,-135.60370778415003,-135.60302141910205,-135.58342643631238,-135.58342643631238,-135.58342643631238,-135.57978684401803
