D = propeller diameter [m],AEdAO = expanded area ratio,PdD = pitch ratio,Z = propeller's number of blades,P_B = power brake,n = Propeller angular speed [rpm],fitness,t075dD,tmin075dD,tal07R,cavLim,Vtip,Vtipmax,penalty,valid
0.7999996059281936,0.7033176631358756,0.661173057899912,5,,,-106.20033028278628
history
-116.76030144403809,-109.6992042890156,-107.3947670374668,-107.25553595718556,-107.25553595718556,-106.71085892065446,-106.71085892065446,-106.71085892065446,-106.71085892065446,-106.71085892065446,-106.70208327000877,-106.53676999743826,-106.48908555266064,-106.32559357142901,-106.32559357142901,-106.32559357142901,-106.29939919529063,-106.22330454416168,-106.20833645252682,-106.20833645252682,-106.20833645252682,-106.20833645252682,-106.20833645252682,-106.20833645252682,-106.20833645252682,-106.20833645252682,-106.20652799342089,-106.20033028278628,-106.20033028278628,-106.20033028278628
solver Name,V_S,NPOPULATION,MAX_ITERATION,SEED
cmaes,7.5,10,30,3
