D = propeller diameter [m],AEdAO = expanded area ratio,PdD = pitch ratio,Z = propeller's number of blades,P_B = power brake,n = Propeller angular speed [rpm],fitness,t075dD,tmin075dD,tal07R,cavLim,Vtip,Vtipmax,penalty,valid
0.8,0.7632265275834601,0.7034844390017676,6,,,-106.57884058370722
history
-127.25591579182436,-107.81810814748863,-106.62677794106627,-106.62677794106627,-106.62677794106627,-106.62677794106627,-106.62677794106627,-106.62677794106627,-106.62677794106627,-106.62677794106627,-106.62677794106627,-106.62677794106627,-106.62677794106627,-106.62677794106627,-106.62677794106627,-106.62677794106627,-106.62677794106627,-106.62677794106627,-106.62677794106627,-106.62677794106627,-106.62677794106627,-106.62677794106627,-106.62677794106627,-106.62677794106627,-106.62677794106627,-106.57884058370722,-106.57884058370722,-106.57884058370722,-106.57884058370722,-106.57884058370722
solver Name,V_S,NPOPULATION,MAX_ITERATION,SEED
openaies,7.5,10,30,9
