D = propeller diameter [m],AEdAO = expanded area ratio,PdD = pitch ratio,Z = propeller's number of blades,P_B = power brake,n = Propeller angular speed [rpm],fitness,t075dD,tmin075dD,tal07R,cavLim,Vtip,Vtipmax,penalty,valid
0.8,0.9342775084969106,0.7703102840217935,6,,,-137.35004575664138
history
-186.96160215931138,-173.05782357218314,-137.60608183108093,-137.60608183108093,-137.35004575664138,-137.35004575664138,-137.35004575664138,-137.35004575664138,-137.35004575664138,-137.35004575664138,-137.35004575664138,-137.35004575664138,-137.35004575664138,-137.35004575664138,-137.35004575664138,-137.35004575664138,-137.35004575664138,-137.35004575664138,-137.35004575664138,-137.35004575664138,-137.35004575664138,-137.35004575664138,-137.35004575664138,-137.35004575664138,-137.35004575664138,-137.35004575664138,-137.35004575664138,-137.35004575664138,-137.35004575664138,-137.35004575664138,-137.35004575664138,-137.35004575664138,-137.35004575664138,-137.35004575664138,-137.35004575664138,-137.35004575664138,-137.35004575664138,-137.35004575664138,-137.35004575664138,-137.35004575664138
