D = propeller diameter [m],AEdAO = expanded area ratio,PdD = pitch ratio,Z = propeller's number of blades,P_B = power brake,n = Propeller angular speed [rpm],fitness,t075dD,tmin075dD,tal07R,cavLim,Vtip,Vtipmax,penalty,valid
0.8,1.05,0.7543681520294027,6,,,-110.16999398031064
history
-164.664519794583,-157.59347757872237,-116.66337273364746,-113.31448250498369,-112.45350986514399,-110.58262860518336,-110.1758271691271,-110.1758271691271,-110.17194216688758,-110.17194216688758,-110.17194216688758,-110.17194216688758,-110.17194216688758,-110.17194216688758,-110.17194216688758,-110.17194216688758,-110.17194216688758,-110.17194216688758,-110.17194216688758,-110.17194216688758,-110.17194216688758,-110.17194216688758,-110.16999398031064,-110.16999398031064,-110.16999398031064,-110.16999398031064,-110.16999398031064,-110.16999398031064,-110.16999398031064,-110.16999398031064
solver Name,V_S,NPOPULATION,MAX_ITERATION,SEED
openaies,7.5,10,30,1
