D = propeller diameter [m],AEdAO = expanded area ratio,PdD = pitch ratio,Z = propeller's number of blades,P_B = power brake,n = Propeller angular speed [rpm],fitness,t075dD,tmin075dD,tal07R,cavLim,Vtip,Vtipmax,penalty,valid
0.8,1.05,0.7698113617574619,6,,,-84.81637414618179,
history
-157.72725004260468,-102.76945577477491,-90.94413925869263,-87.45867118731496,-85.06671951680573,-84.95642750631276,-84.8304776086937,-84.82093900023267,-84.81967583114378,-84.81967583114378,-84.81967583114378,-84.81967583114378,-84.81967583114378,-84.81967583114378,-84.81967583114378,-84.81967583114378,-84.81967583114378,-84.81967583114378,-84.81967583114378,-84.81967583114378,-84.818380616873,-84.818380616873,-84.818380616873,-84.818380616873,-84.818380616873,-84.818380616873,-84.818380616873,-84.818380616873,-84.81637414618179,-84.81637414618179
