D = propeller diameter [m],AEdAO = expanded area ratio,PdD = pitch ratio,Z = propeller's number of blades,P_B = power brake,n = Propeller angular speed [rpm],fitness,t075dD,tmin075dD,tal07R,cavLim,Vtip,Vtipmax,penalty,valid
0.8,0.9543227593371344,0.7874996635934842,7,,,-139.47632946351308
history
-155.9470739988072,-155.9470739988072,-141.7185844227682,-140.07281958562876,-140.04372989300307,-140.04372989300307,-139.47632946351308,-139.47632946351308,-139.47632946351308,-139.47632946351308,-139.47632946351308,-139.47632946351308,-139.47632946351308,-139.47632946351308,-139.47632946351308,-139.47632946351308,-139.47632946351308,-139.47632946351308,-139.47632946351308,-139.47632946351308,-139.47632946351308,-139.47632946351308,-139.47632946351308,-139.47632946351308,-139.47632946351308,-139.47632946351308,-139.47632946351308,-139.47632946351308,-139.47632946351308,-139.47632946351308
