D = propeller diameter [m],AEdAO = expanded area ratio,PdD = pitch ratio,Z = propeller's number of blades,P_B = power brake,n = Propeller angular speed [rpm],fitness,t075dD,tmin075dD,tal07R,cavLim,Vtip,Vtipmax,penalty,valid
0.8,0.8540240271520265,0.748223438433645,6,,,-107.32147703900186
history
-133.19587979403775,-123.10705429263898,-107.32147703900186,-107.32147703900186,-107.32147703900186,-107.32147703900186,-107.32147703900186,-107.32147703900186,-107.32147703900186,-107.32147703900186,-107.32147703900186,-107.32147703900186,-107.32147703900186,-107.32147703900186,-107.32147703900186,-107.32147703900186,-107.32147703900186,-107.32147703900186,-107.32147703900186,-107.32147703900186,-107.32147703900186,-107.32147703900186,-107.32147703900186,-107.32147703900186,-107.32147703900186,-107.32147703900186,-107.32147703900186,-107.32147703900186,-107.32147703900186,-107.32147703900186
solver Name,V_S,NPOPULATION,MAX_ITERATION,SEED
openaies,7.5,10,30,3
