D = propeller diameter [m],AEdAO = expanded area ratio,PdD = pitch ratio,Z = propeller's number of blades,P_B = power brake,n = Propeller angular speed [rpm],fitness,t075dD,tmin075dD,tal07R,cavLim,Vtip,Vtipmax,penalty,valid
0.7998841973162154,0.9011472709357524,0.6828424710389845,6,,,-169.513899845336
history
-256.55515165801586,-203.74523305962808,-191.29324335953098,-173.6108016361451,-173.53825900731067,-173.53825900731067,-172.62789329686277,-172.62789329686277,-172.04247210232498,-171.519441919341,-171.1384828353452,-169.5759927958763,-169.5759927958763,-169.5759927958763,-169.5759927958763,-169.5759927958763,-169.5759927958763,-169.5759927958763,-169.5759927958763,-169.5759927958763,-169.5759927958763,-169.53991092324668,-169.53991092324668,-169.53991092324668,-169.53991092324668,-169.53991092324668,-169.53991092324668,-169.513899845336,-169.513899845336,-169.513899845336
solver Name,V_S,NPOPULATION,MAX_ITERATION,SEED
cmaes,8.5,10,30,3
