D = propeller diameter [m],AEdAO = expanded area ratio,PdD = pitch ratio,Z = propeller's number of blades,P_B = power brake,n = Propeller angular speed [rpm],fitness,t075dD,tmin075dD,tal07R,cavLim,Vtip,Vtipmax,penalty,valid
0.8,0.9659988672228472,0.6825401609213048,6,171.01362264360867,171.01362264360867,-171.01362264360867
history
-221.6535126884317,-221.6535126884317,-221.6535126884317,-221.6535126884317,-221.6535126884317,-221.6535126884317,-221.6535126884317,-221.6535126884317,-221.6535126884317,-221.6535126884317,-221.6535126884317,-221.6535126884317,-221.6535126884317,-221.6535126884317,-181.8579045486835,-181.8579045486835,-181.8579045486835,-181.8579045486835,-181.8579045486835,-181.8579045486835,-181.8579045486835,-181.8579045486835,-173.60716008417418,-173.60716008417418,-173.60716008417418,-173.60716008417418,-173.60716008417418,-173.60716008417418,-173.60716008417418,-172.21399267575654
solver Name,V_S,NPOPULATION,MAX_ITERATION,SEED
DE_mod,8.5,30,30,4
