D = propeller diameter [m],AEdAO = expanded area ratio,PdD = pitch ratio,Z = propeller's number of blades,P_B = power brake,n = Propeller angular speed [rpm],fitness,t075dD,tmin075dD,tal07R,cavLim,Vtip,Vtipmax,penalty,valid
0.7999910512128781,0.6283698333083777,0.6630589941446403,5,,,-81.41121250824717
history
-84.84813696254193,-83.28477349606793,-83.28477349606793,-83.11445657913539,-83.11445657913539,-82.58955131848094,-81.60861537576197,-81.60861537576197,-81.60861537576197,-81.60861537576197,-81.60861537576197,-81.60861537576197,-81.60861537576197,-81.60861537576197,-81.60861537576197,-81.60861537576197,-81.60861537576197,-81.579062517464,-81.49992989219785,-81.48466912785582,-81.44750874770945,-81.44750874770945,-81.4399227944963,-81.41296929434804,-81.41121250824717,-81.41121250824717,-81.41121250824717,-81.41121250824717,-81.41121250824717,-81.41121250824717
solver Name,V_S,NPOPULATION,MAX_ITERATION,SEED
cmaes,7.0,10,30,3
