D = propeller diameter [m],AEdAO = expanded area ratio,PdD = pitch ratio,Z = propeller's number of blades,P_B = power brake,n = Propeller angular speed [rpm],fitness,t075dD,tmin075dD,tal07R,cavLim,Vtip,Vtipmax,penalty,valid
0.7999986082247263,0.703275375750316,0.6614707745220884,5,,,-106.20084105630825
history
-119.84328839462755,-112.1376996397749,-112.13388628417074,-107.54023191539244,-107.54023191539244,-107.54023191539244,-107.36926869338971,-106.83010552630968,-106.83010552630968,-106.34152582478514,-106.34152582478514,-106.34152582478514,-106.34152582478514,-106.33847875615248,-106.30894027496065,-106.30894027496065,-106.30894027496065,-106.26702646764288,-106.26702646764288,-106.22687862848004,-106.21780520153494,-106.21780520153494,-106.21780520153494,-106.21780520153494,-106.21780520153494,-106.21780520153494,-106.20441858378875,-106.20441858378875,-106.20441858378875,-106.20084105630825
solver Name,V_S,NPOPULATION,MAX_ITERATION,SEED
cmaes,7.5,10,30,6
