D = propeller diameter [m],AEdAO = expanded area ratio,PdD = pitch ratio,Z = propeller's number of blades,P_B = power brake,n = Propeller angular speed [rpm],fitness,t075dD,tmin075dD,tal07R,cavLim,Vtip,Vtipmax,penalty,valid
0.8,0.9177671209132331,0.6867052973746448,6,,,-169.80686324498592
history
-432.75112257890254,-372.38631008733364,-243.20283880826267,-203.9726609540984,-172.58149637527197,-171.57721794793775,-169.80686324498592,-169.80686324498592,-169.80686324498592,-169.80686324498592,-169.80686324498592,-169.80686324498592,-169.80686324498592,-169.80686324498592,-169.80686324498592,-169.80686324498592,-169.80686324498592,-169.80686324498592,-169.80686324498592,-169.80686324498592,-169.80686324498592,-169.80686324498592,-169.80686324498592,-169.80686324498592,-169.80686324498592,-169.80686324498592,-169.80686324498592,-169.80686324498592,-169.80686324498592,-169.80686324498592
solver Name,V_S,NPOPULATION,MAX_ITERATION,SEED
openaies,8.5,10,30,4
