D = propeller diameter [m],AEdAO = expanded area ratio,PdD = pitch ratio,Z = propeller's number of blades,P_B = power brake,n = Propeller angular speed [rpm],fitness,t075dD,tmin075dD,tal07R,cavLim,Vtip,Vtipmax,penalty,valid,,,,,,,,,,,,,,,
0.8,0.8162755067228872,0.6208362092608197,5,106.97369935146098,,-106.97369935146098,,,,,,,,,,,,,,,,,,,,,,,
history,,,,,,,,,,,,,,,,,,,,,,,,,,,,,
-171.40139171058402,-171.40139171058402,-171.40139171058402,-171.40139171058402,-171.40139171058402,-171.40139171058402,-171.40139171058402,-171.40139171058402,-171.40139171058402,-171.40139171058402,-171.40139171058402,-171.40139171058402,-158.91025325463585,-158.91025325463585,-133.0038406462506,-133.0038406462506,-131.02510270911407,-131.02510270911407,-114.27010568925519,-114.27010568925519,-114.27010568925519,-114.27010568925519,-114.27010568925519,-114.27010568925519,-114.27010568925519,-114.27010568925519,-108.5763049185072,-108.5763049185072,-106.97369935146098,-106.97369935146098
