D = propeller diameter [m],AEdAO = expanded area ratio,PdD = pitch ratio,Z = propeller's number of blades,P_B = power brake,n = Propeller angular speed [rpm],fitness,t075dD,tmin075dD,tal07R,cavLim,Vtip,Vtipmax,penalty,valid,,,,,,,,,,,,,,,
0.8,0.747981048623429,0.6342045587170158,5,106.8472657347876,,-106.8472657347876,,,,,,,,,,,,,,,,,,,,,,,
history,,,,,,,,,,,,,,,,,,,,,,,,,,,,,
-129.05343011089508,-106.8472657347876,-106.8472657347876,-106.8472657347876,-106.8472657347876,-106.8472657347876,-106.8472657347876,-106.8472657347876,-106.8472657347876,-106.8472657347876,-106.8472657347876,-106.8472657347876,-106.8472657347876,-106.8472657347876,-106.8472657347876,-106.8472657347876,-106.8472657347876,-106.8472657347876,-106.8472657347876,-106.8472657347876,-106.8472657347876,-106.8472657347876,-106.8472657347876,-106.8472657347876,-106.8472657347876,-106.8472657347876,-106.8472657347876,-106.8472657347876,-106.8472657347876,-106.8472657347876
