D = propeller diameter [m],AEdAO = expanded area ratio,PdD = pitch ratio,Z = propeller's number of blades,P_B = power brake,n = Propeller angular speed [rpm],fitness,t075dD,tmin075dD,tal07R,cavLim,Vtip,Vtipmax,penalty,valid
0.7999597668191534,0.6343650187403382,0.6686949256019915,5,,,-81.41614432978398
history
-143.30529592467965,-105.38386052919523,-91.03213012848727,-87.32440113553596,-85.00920609163626,-82.70887430224086,-82.70887430224086,-82.70887430224086,-82.70887430224086,-82.70887430224086,-82.51619020749467,-81.904334543404,-81.904334543404,-81.54664356427355,-81.53951718054391,-81.52556125640628,-81.52556125640628,-81.523219510108,-81.523219510108,-81.47315084616781,-81.42628594421784,-81.42628594421784,-81.42628594421784,-81.42628594421784,-81.41955813133622,-81.41955813133622,-81.41955813133622,-81.41955813133622,-81.41955813133622,-81.41614432978398
solver Name,V_S,NPOPULATION,MAX_ITERATION,SEED
cmaes,7.0,10,30,5
