D = propeller diameter [m],AEdAO = expanded area ratio,PdD = pitch ratio,Z = propeller's number of blades,P_B = power brake,n = Propeller angular speed [rpm],fitness,t075dD,tmin075dD,tal07R,cavLim,Vtip,Vtipmax,penalty,valid
0.7956490713237455,0.3073738196235295,0.5648388305099611,2,159.7986741799326,159.7986741799326,-159.7986741799326
history
-238.5441887935377,-238.5441887935377,-238.5441887935377,-238.5441887935377,-238.5441887935377,-238.5441887935377,-238.5441887935377,-208.91082248240485,-173.7615534194634,-173.7615534194634,-173.7615534194634,-173.7615534194634,-173.7615534194634,-173.7615534194634,-173.7615534194634,-173.7615534194634,-173.7615534194634,-173.7615534194634,-171.04052275030742,-171.04052275030742,-171.04052275030742,-171.04052275030742,-171.04052275030742,-171.04052275030742,-171.04052275030742,-171.04052275030742,-170.9141966113909,-170.9141966113909,-170.9141966113909,-170.9141966113909
solver Name,V_S,NPOPULATION,MAX_ITERATION,SEED
DE_mod,8.5,30,30,9
