D = propeller diameter [m],AEdAO = expanded area ratio,PdD = pitch ratio,Z = propeller's number of blades,P_B = power brake,n = Propeller angular speed [rpm],fitness,t075dD,tmin075dD,tal07R,cavLim,Vtip,Vtipmax,penalty,valid
0.8,0.6443940335127357,0.6618769743088585,5,,,-81.4680855202335
history
-158.67507004584567,-107.28503596377448,-81.61786217157213,-81.61786217157213,-81.61786217157213,-81.61786217157213,-81.61786217157213,-81.61786217157213,-81.61786217157213,-81.61786217157213,-81.61786217157213,-81.61786217157213,-81.61786217157213,-81.57131714159709,-81.57131714159709,-81.4680855202335,-81.4680855202335,-81.4680855202335,-81.4680855202335,-81.4680855202335,-81.4680855202335,-81.4680855202335,-81.4680855202335,-81.4680855202335,-81.4680855202335,-81.4680855202335,-81.4680855202335,-81.4680855202335,-81.4680855202335,-81.4680855202335
solver Name,V_S,NPOPULATION,MAX_ITERATION,SEED
openaies,7.0,10,30,4
