D = propeller diameter [m],AEdAO = expanded area ratio,PdD = pitch ratio,Z = propeller's number of blades,P_B = power brake,n = Propeller angular speed [rpm],fitness,t075dD,tmin075dD,tal07R,cavLim,Vtip,Vtipmax,penalty,valid
0.7999997920362912,0.8929442028623022,0.6722456584308228,6,,,-169.44319173498027
history
-171.30521424263839,-171.30521424263839,-171.25291310292914,-171.25291310292914,-171.25291310292914,-171.25291310292914,-171.25291310292914,-171.25291310292914,-170.8416161703486,-170.6835062729427,-169.73528218009824,-169.73528218009824,-169.73528218009824,-169.52533186240493,-169.52533186240493,-169.52533186240493,-169.52533186240493,-169.52179074127898,-169.52179074127898,-169.52179074127898,-169.51477577435804,-169.51477577435804,-169.49796755021143,-169.49796755021143,-169.46382305019836,-169.44319173498027,-169.44319173498027,-169.44319173498027,-169.44319173498027,-169.44319173498027
solver Name,V_S,NPOPULATION,MAX_ITERATION,SEED
cmaes,8.5,10,30,2
