D = propeller diameter [m],AEdAO = expanded area ratio,PdD = pitch ratio,Z = propeller's number of blades,P_B = power brake,n = Propeller angular speed [rpm],fitness,t075dD,tmin075dD,tal07R,cavLim,Vtip,Vtipmax,penalty,valid
0.7999958340062393,0.790987743701461,0.66697258940977,5,,,-135.5807117774817
history
-268.20016591221497,-207.3639361565737,-190.404719855134,-181.88078427793926,-141.84593463478495,-138.37127806613518,-138.37127806613518,-138.37127806613518,-138.37127806613518,-138.37127806613518,-138.37127806613518,-138.37127806613518,-138.37127806613518,-138.37127806613518,-138.37127806613518,-137.69900312800675,-137.2813121715481,-136.60333447551167,-136.26651761164058,-136.11715737263248,-135.9714718486422,-135.9714718486422,-135.9714718486422,-135.9714718486422,-135.9190881282795,-135.86168351089532,-135.82212203934384,-135.7710158084764,-135.65236611961444,-135.65236611961444,-135.65236611961444,-135.65236611961444,-135.65236611961444,-135.65236611961444,-135.61594933423905,-135.60683984449759,-135.5807117774817,-135.5807117774817,-135.5807117774817,-135.5807117774817
