D = propeller diameter [m],AEdAO = expanded area ratio,PdD = pitch ratio,Z = propeller's number of blades,P_B = power brake,n = Propeller angular speed [rpm],fitness,t075dD,tmin075dD,tal07R,cavLim,Vtip,Vtipmax,penalty,valid
0.8,0.8115347738189959,0.6514670945173318,6,,,-135.95010226463904
history
-141.93215874277598,-136.08199305017968,-136.08199305017968,-135.95010226463904,-135.95010226463904,-135.95010226463904,-135.95010226463904,-135.95010226463904,-135.95010226463904,-135.95010226463904,-135.95010226463904,-135.95010226463904,-135.95010226463904,-135.95010226463904,-135.95010226463904,-135.95010226463904,-135.95010226463904,-135.95010226463904,-135.95010226463904,-135.95010226463904,-135.95010226463904,-135.95010226463904,-135.95010226463904,-135.95010226463904,-135.95010226463904,-135.95010226463904,-135.95010226463904,-135.95010226463904,-135.95010226463904,-135.95010226463904,-135.95010226463904,-135.95010226463904,-135.95010226463904,-135.95010226463904,-135.95010226463904,-135.95010226463904,-135.95010226463904,-135.95010226463904,-135.95010226463904,-135.95010226463904
