D = propeller diameter [m],AEdAO = expanded area ratio,PdD = pitch ratio,Z = propeller's number of blades,P_B = power brake,n = Propeller angular speed [rpm],fitness,t075dD,tmin075dD,tal07R,cavLim,Vtip,Vtipmax,penalty,valid
0.7999267462799534,0.8100171837497356,0.6835391106267061,6,,,-135.58093030036812
history
-157.2815884162638,-150.52165715965424,-137.397567374789,-137.397567374789,-137.397567374789,-137.397567374789,-137.397567374789,-137.00976006464472,-137.00976006464472,-137.00976006464472,-137.00976006464472,-136.73076518865028,-135.95547125372713,-135.95547125372713,-135.95547125372713,-135.93036787613116,-135.93036787613116,-135.7607439140864,-135.7607439140864,-135.66442254922922,-135.59265140811726,-135.59265140811726,-135.59265140811726,-135.59265140811726,-135.59265140811726,-135.59265140811726,-135.59265140811726,-135.59265140811726,-135.59265140811726,-135.59265140811726,-135.59265140811726,-135.59265140811726,-135.59265140811726,-135.59265140811726,-135.59265140811726,-135.59158175624793,-135.58243874629693,-135.58243874629693,-135.58243874629693,-135.58093030036812
