D = propeller diameter [m],AEdAO = expanded area ratio,PdD = pitch ratio,Z = propeller's number of blades,P_B = power brake,n = Propeller angular speed [rpm],fitness,t075dD,tmin075dD,tal07R,cavLim,Vtip,Vtipmax,penalty,valid
0.8,1.05,0.7514161508153395,6,,,-139.61326223336008
history
-153.59721494438372,-153.59721494438372,-142.08905909728816,-142.08905909728816,-142.08905909728816,-139.71961012224946,-139.62965371300086,-139.61671624130375,-139.61671624130375,-139.61671624130375,-139.61671624130375,-139.61326223336008,-139.61326223336008,-139.61326223336008,-139.61326223336008,-139.61326223336008,-139.61326223336008,-139.61326223336008,-139.61326223336008,-139.61326223336008,-139.61326223336008,-139.61326223336008,-139.61326223336008,-139.61326223336008,-139.61326223336008,-139.61326223336008,-139.61326223336008,-139.61326223336008,-139.61326223336008,-139.61326223336008,-139.61326223336008,-139.61326223336008,-139.61326223336008,-139.61326223336008,-139.61326223336008,-139.61326223336008,-139.61326223336008,-139.61326223336008,-139.61326223336008,-139.61326223336008
