D = propeller diameter [m],AEdAO = expanded area ratio,PdD = pitch ratio,Z = propeller's number of blades,P_B = power brake,n = Propeller angular speed [rpm],fitness,t075dD,tmin075dD,tal07R,cavLim,Vtip,Vtipmax,penalty,valid
0.8,0.8137241401760492,0.6891880373093818,6,,,-135.57573771756375
history
-152.11277806275513,-145.46901294705606,-140.47720509390425,-140.47720509390425,-140.47720509390425,-140.47720509390425,-140.47720509390425,-139.10613534411758,-137.11416834849277,-137.11416834849277,-137.06397997238042,-135.67176339903708,-135.57573771756375,-135.57573771756375,-135.57573771756375,-135.57573771756375,-135.57573771756375,-135.57573771756375,-135.57573771756375,-135.57573771756375
