D = propeller diameter [m],AEdAO = expanded area ratio,PdD = pitch ratio,Z = propeller's number of blades,P_B = power brake,n = Propeller angular speed [rpm],fitness,t075dD,tmin075dD,tal07R,cavLim,Vtip,Vtipmax,penalty,valid
0.7999840558218964,0.8103603636955818,0.6819164297612619,6,,,-135.5875702397998
history
-154.4370740885359,-136.69704555444778,-136.69704555444778,-136.69704555444778,-136.69704555444778,-135.9902016072853,-135.9902016072853,-135.80218591470833,-135.80218591470833,-135.80218591470833,-135.80218591470833,-135.80218591470833,-135.80218591470833,-135.7223254701146,-135.7223254701146,-135.7223254701146,-135.5875702397998,-135.5875702397998,-135.5875702397998,-135.5875702397998
