D = propeller diameter [m],AEdAO = expanded area ratio,PdD = pitch ratio,Z = propeller's number of blades,P_B = power brake,n = Propeller angular speed [rpm],fitness,t075dD,tmin075dD,tal07R,cavLim,Vtip,Vtipmax,penalty,valid
0.8,0.990540405785894,0.7678950046107742,6,171.4639737331705,171.4639737331705,-171.4639737331705
history
-192.9715115083345,-192.9715115083345,-192.9715115083345,-192.9715115083345,-192.9715115083345,-192.9715115083345,-184.1817816275143,-184.1817816275143,-184.1817816275143,-184.1817816275143,-184.1817816275143,-180.17079479089028,-180.17079479089028,-180.17079479089028,-176.1929854743155,-176.1929854743155,-176.1929854743155,-176.1929854743155,-176.1929854743155,-176.1929854743155,-176.1929854743155,-176.1929854743155,-176.1929854743155,-176.1929854743155,-176.1929854743155,-176.1929854743155,-176.1929854743155,-176.1929854743155,-176.1929854743155,-176.1929854743155
solver Name,V_S,NPOPULATION,MAX_ITERATION,SEED
DE_mod,8.5,30,30,3
