D = propeller diameter [m],AEdAO = expanded area ratio,PdD = pitch ratio,Z = propeller's number of blades,P_B = power brake,n = Propeller angular speed [rpm],fitness,t075dD,tmin075dD,tal07R,cavLim,Vtip,Vtipmax,penalty,valid
0.8,1.05,0.7591879019202996,6,,,-110.17447175950716
history
-110.17447175950716,-110.17447175950716,-110.17447175950716,-110.17447175950716,-110.17447175950716,-110.17447175950716,-110.17447175950716,-110.17447175950716,-110.17447175950716,-110.17447175950716,-110.17447175950716,-110.17447175950716,-110.17447175950716,-110.17447175950716,-110.17447175950716,-110.17447175950716,-110.17447175950716,-110.17447175950716,-110.17447175950716,-110.17447175950716,-110.17447175950716,-110.17447175950716,-110.17447175950716,-110.17447175950716,-110.17447175950716,-110.17447175950716,-110.17447175950716,-110.17447175950716,-110.17447175950716,-110.17447175950716
solver Name,V_S,NPOPULATION,MAX_ITERATION,SEED
openaies,7.5,10,30,8
