D = propeller diameter [m],AEdAO = expanded area ratio,PdD = pitch ratio,Z = propeller's number of blades,P_B = power brake,n = Propeller angular speed [rpm],fitness,t075dD,tmin075dD,tal07R,cavLim,Vtip,Vtipmax,penalty,valid
0.8,0.9546962990121665,0.7059467236896464,6,,,-170.51923181579372
history
-253.77997646215675,-253.77997646215675,-248.83228017424864,-248.83228017424864,-212.70584849486318,-181.80856144241034,-175.32818896462175,-171.6945366861836,-171.6945366861836,-170.51923181579372,-170.51923181579372,-170.51923181579372,-170.51923181579372,-170.51923181579372,-170.51923181579372,-170.51923181579372,-170.51923181579372,-170.51923181579372,-170.51923181579372,-170.51923181579372,-170.51923181579372,-170.51923181579372,-170.51923181579372,-170.51923181579372,-170.51923181579372,-170.51923181579372,-170.51923181579372,-170.51923181579372,-170.51923181579372,-170.51923181579372
