D = propeller diameter [m],AEdAO = expanded area ratio,PdD = pitch ratio,Z = propeller's number of blades,P_B = power brake,n = Propeller angular speed [rpm],fitness,t075dD,tmin075dD,tal07R,cavLim,Vtip,Vtipmax,penalty,valid
0.7999772777338441,0.7046798441830073,0.663856840341815,5,,,-106.19934472423157
history
-292.1256418623319,-174.12308633157232,-112.26388369498659,-107.69607851341831,-107.69607851341831,-107.69607851341831,-107.69607851341831,-107.69607851341831,-107.69607851341831,-107.69607851341831,-107.69607851341831,-107.69607851341831,-107.1681754208243,-107.1681754208243,-107.1681754208243,-106.88986288808087,-106.88986288808087,-106.88986288808087,-106.69191571117257,-106.53998681152503,-106.44245214925245,-106.42673785765288,-106.39285274868737,-106.23443056110419,-106.23443056110419,-106.23443056110419,-106.22143539043456,-106.22143539043456,-106.19934472423157,-106.19934472423157
solver Name,V_S,NPOPULATION,MAX_ITERATION,SEED
cmaes,7.5,10,30,4
