D = propeller diameter [m],AEdAO = expanded area ratio,PdD = pitch ratio,Z = propeller's number of blades,P_B = power brake,n = Propeller angular speed [rpm],fitness,t075dD,tmin075dD,tal07R,cavLim,Vtip,Vtipmax,penalty,valid
0.8,0.8182313953362218,0.6751735265277206,6,,,-135.74302663051174
history
-137.00737284527264,-137.00737284527264,-137.00737284527264,-137.00737284527264,-137.00737284527264,-136.86418398300165,-136.86418398300165,-135.75717921152224,-135.75717921152224,-135.75717921152224,-135.75717921152224,-135.75717921152224,-135.75717921152224,-135.75717921152224,-135.74302663051174,-135.74302663051174,-135.74302663051174,-135.74302663051174,-135.74302663051174,-135.74302663051174,-135.74302663051174,-135.74302663051174,-135.74302663051174,-135.74302663051174,-135.74302663051174,-135.74302663051174,-135.74302663051174,-135.74302663051174,-135.74302663051174,-135.74302663051174
solver Name,V_S,NPOPULATION,MAX_ITERATION,SEED
openaies,8.0,10,30,2
