D = propeller diameter [m],AEdAO = expanded area ratio,PdD = pitch ratio,Z = propeller's number of blades,P_B = power brake,n = Propeller angular speed [rpm],fitness,t075dD,tmin075dD,tal07R,cavLim,Vtip,Vtipmax,penalty,valid
0.8,1.0200036424216237,0.8302981476918901,6,,,-139.50581500350089,
history
-353.6794810486815,-179.29543958804578,-139.50581500350089,-139.50581500350089,-139.50581500350089,-139.50581500350089,-139.50581500350089,-139.50581500350089,-139.50581500350089,-139.50581500350089,-139.50581500350089,-139.50581500350089,-139.50581500350089,-139.50581500350089,-139.50581500350089,-139.50581500350089,-139.50581500350089,-139.50581500350089,-139.50581500350089,-139.50581500350089,-139.50581500350089,-139.50581500350089,-139.50581500350089,-139.50581500350089,-139.50581500350089,-139.50581500350089,-139.50581500350089,-139.50581500350089,-139.50581500350089,-139.50581500350089
