D = propeller diameter [m],AEdAO = expanded area ratio,PdD = pitch ratio,Z = propeller's number of blades,P_B = power brake,n = Propeller angular speed [rpm],fitness,t075dD,tmin075dD,tal07R,cavLim,Vtip,Vtipmax,penalty,valid
0.8,0.6553671973553217,0.6720164387386365,5,81.48950349411166,81.48950349411166,-81.48950349411166
history
-82.7790772046587,-82.7790772046587,-82.7790772046587,-82.7790772046587,-82.7790772046587,-82.7790772046587,-82.7790772046587,-82.7790772046587,-82.7790772046587,-82.7790772046587,-82.7790772046587,-82.7790772046587,-82.7790772046587,-82.7790772046587,-82.4870133509489,-82.4870133509489,-82.4870133509489,-82.19181639060463,-82.19181639060463,-82.19181639060463,-82.19181639060463,-82.19181639060463,-82.13047616925803,-82.13047616925803,-82.08745150022344,-81.99769062550831,-81.99769062550831,-81.99769062550831,-81.99769062550831,-81.90406717106764
solver Name,V_S,NPOPULATION,MAX_ITERATION,SEED
DE,7.0,30,30,2
