D = propeller diameter [m],AEdAO = expanded area ratio,PdD = pitch ratio,Z = propeller's number of blades,P_B = power brake,n = Propeller angular speed [rpm],fitness,t075dD,tmin075dD,tal07R,cavLim,Vtip,Vtipmax,penalty,valid
0.8,0.6394690234205254,0.6700044903886047,5,,,-81.43375408608075,
history
-102.85337923837444,-81.45045292290911,-81.43375408608075,-81.43375408608075,-81.43375408608075,-81.43375408608075,-81.43375408608075,-81.43375408608075,-81.43375408608075,-81.43375408608075,-81.43375408608075,-81.43375408608075,-81.43375408608075,-81.43375408608075,-81.43375408608075,-81.43375408608075,-81.43375408608075,-81.43375408608075,-81.43375408608075,-81.43375408608075,-81.43375408608075,-81.43375408608075,-81.43375408608075,-81.43375408608075,-81.43375408608075,-81.43375408608075,-81.43375408608075,-81.43375408608075,-81.43375408608075,-81.43375408608075
