D = propeller diameter [m],AEdAO = expanded area ratio,PdD = pitch ratio,Z = propeller's number of blades,P_B = power brake,n = Propeller angular speed [rpm],fitness,t075dD,tmin075dD,tal07R,cavLim,Vtip,Vtipmax,penalty,valid
0.8,0.8923344337577639,0.7083561064289886,6,,,-136.5341062831428
history
-374.2779690828832,-293.48612209623997,-211.32537689788964,-175.50008969239514,-144.41747923620275,-138.40001500042342,-136.5341062831428,-136.5341062831428,-136.5341062831428,-136.5341062831428,-136.5341062831428,-136.5341062831428,-136.5341062831428,-136.5341062831428,-136.5341062831428,-136.5341062831428,-136.5341062831428,-136.5341062831428,-136.5341062831428,-136.5341062831428,-136.5341062831428,-136.5341062831428,-136.5341062831428,-136.5341062831428,-136.5341062831428,-136.5341062831428,-136.5341062831428,-136.5341062831428,-136.5341062831428,-136.5341062831428
solver Name,V_S,NPOPULATION,MAX_ITERATION,SEED
openaies,8.0,10,30,7
