D = propeller diameter [m],AEdAO = expanded area ratio,PdD = pitch ratio,Z = propeller's number of blades,P_B = power brake,n = Propeller angular speed [rpm],fitness,t075dD,tmin075dD,tal07R,cavLim,Vtip,Vtipmax,penalty,valid
0.8,0.8402746667979429,0.6993211080910946,6,135.84322076109828,135.84322076109828,-135.84322076109828
history
-148.0051056489253,-148.0051056489253,-148.0051056489253,-148.0051056489253,-148.0051056489253,-148.0051056489253,-148.0051056489253,-148.0051056489253,-148.0051056489253,-148.0051056489253,-148.0051056489253,-148.0051056489253,-148.0051056489253,-148.0051056489253,-148.0051056489253,-148.0051056489253,-148.0051056489253,-148.0051056489253,-148.0051056489253,-148.0051056489253,-148.0051056489253,-148.0051056489253,-148.0051056489253,-148.0051056489253,-148.0051056489253,-148.0051056489253,-148.0051056489253,-148.0051056489253,-148.0051056489253,-148.0051056489253
solver Name,V_S,NPOPULATION,MAX_ITERATION,SEED
DE_mod,8.0,30,30,8
