D = propeller diameter [m],AEdAO = expanded area ratio,PdD = pitch ratio,Z = propeller's number of blades,P_B = power brake,n = Propeller angular speed [rpm],fitness,t075dD,tmin075dD,tal07R,cavLim,Vtip,Vtipmax,penalty,valid
0.8,0.8760395789252834,0.7512549565824109,6,,,-136.35241061696294
history
-548.6434565633343,-217.49623285649548,-207.24872245527035,-161.31918235927557,-161.31918235927557,-136.35241061696294,-136.35241061696294,-136.35241061696294,-136.35241061696294,-136.35241061696294,-136.35241061696294,-136.35241061696294,-136.35241061696294,-136.35241061696294,-136.35241061696294,-136.35241061696294,-136.35241061696294,-136.35241061696294,-136.35241061696294,-136.35241061696294
