D = propeller diameter [m],AEdAO = expanded area ratio,PdD = pitch ratio,Z = propeller's number of blades,P_B = power brake,n = Propeller angular speed [rpm],fitness,i = thread pool id
0.8,0.6287337001406421,0.6620738827834788,5,,,-81.41968131453152,
history
-100.582537,-89.855832,-89.855832,-88.767806,-88.767806,-88.767806,-85.297147,-85.297147,-85.297147,-82.579333,-82.579333,-82.579333,-82.579333,-82.579333,-82.579333,-82.579333,-82.402307,-82.402307,-82.402307,-82.402307,-81.971693,-81.971693,-81.971693,-81.971693,-81.971693,-81.971693,-81.971693,-81.971693,-81.971693,-81.971693
