D = propeller diameter [m],AEdAO = expanded area ratio,PdD = pitch ratio,Z = propeller's number of blades,P_B = power brake,n = Propeller angular speed [rpm],fitness,t075dD,tmin075dD,tal07R,cavLim,Vtip,Vtipmax,penalty,valid
0.8,0.6510008704834557,0.6716261312926164,5,,,-81.47555230542939
history
-87.56790280136572,-86.9370848313911,-84.5108726031693,-84.5108726031693,-81.47555230542939,-81.47555230542939,-81.47555230542939,-81.47555230542939,-81.47555230542939,-81.47555230542939,-81.47555230542939,-81.47555230542939,-81.47555230542939,-81.47555230542939,-81.47555230542939,-81.47555230542939,-81.47555230542939,-81.47555230542939,-81.47555230542939,-81.47555230542939,-81.47555230542939,-81.47555230542939,-81.47555230542939,-81.47555230542939,-81.47555230542939,-81.47555230542939,-81.47555230542939,-81.47555230542939,-81.47555230542939,-81.47555230542939
