D = propeller diameter [m],AEdAO = expanded area ratio,PdD = pitch ratio,Z = propeller's number of blades,P_B = power brake,n = Propeller angular speed [rpm],fitness,t075dD,tmin075dD,tal07R,cavLim,Vtip,Vtipmax,penalty,valid
0.8,0.9900103483363706,0.7341644076466395,6,,,-171.32459354730236
history
-176.14175916834247,-171.32459354730236,-171.32459354730236,-171.32459354730236,-171.32459354730236,-171.32459354730236,-171.32459354730236,-171.32459354730236,-171.32459354730236,-171.32459354730236,-171.32459354730236,-171.32459354730236,-171.32459354730236,-171.32459354730236,-171.32459354730236,-171.32459354730236,-171.32459354730236,-171.32459354730236,-171.32459354730236,-171.32459354730236,-171.32459354730236,-171.32459354730236,-171.32459354730236,-171.32459354730236,-171.32459354730236,-171.32459354730236,-171.32459354730236,-171.32459354730236,-171.32459354730236,-171.32459354730236
solver Name,V_S,NPOPULATION,MAX_ITERATION,SEED
openaies,8.5,10,30,0
