D = propeller diameter [m],AEdAO = expanded area ratio,PdD = pitch ratio,Z = propeller's number of blades,P_B = power brake,n = Propeller angular speed [rpm],fitness,t075dD,tmin075dD,tal07R,cavLim,Vtip,Vtipmax,penalty,valid
0.8,0.636382025549027,0.6406404115340902,5,81.55103363372179,81.55103363372179,-81.55103363372179
history
-127.17301656919103,-127.17301656919103,-127.17301656919103,-127.17301656919103,-127.17301656919103,-127.17301656919103,-127.17301656919103,-127.17301656919103,-108.06584365138698,-108.06584365138698,-87.605985470893,-87.605985470893,-87.605985470893,-87.605985470893,-87.605985470893,-87.605985470893,-86.72403929824216,-86.72403929824216,-86.72403929824216,-86.72403929824216,-83.24412379295748,-82.53717962745037,-82.53717962745037,-82.53717962745037,-82.53717962745037,-82.53717962745037,-82.53717962745037,-81.90154595492388,-81.90154595492388,-81.90154595492388
solver Name,V_S,NPOPULATION,MAX_ITERATION,SEED
DE_mod,7.0,30,30,7
