D = propeller diameter [m],AEdAO = expanded area ratio,PdD = pitch ratio,Z = propeller's number of blades,P_B = power brake,n = Propeller angular speed [rpm],fitness,t075dD,tmin075dD,tal07R,cavLim,Vtip,Vtipmax,penalty,valid
0.8,0.8474404498059178,0.6584402064586613,6,,,-136.30201564995892
history
-180.80311594936717,-154.35170712752776,-137.6991963745464,-137.6991963745464,-136.30201564995892,-136.30201564995892,-136.30201564995892,-136.30201564995892,-136.30201564995892,-136.30201564995892,-136.30201564995892,-136.30201564995892,-136.30201564995892,-136.30201564995892,-136.30201564995892,-136.30201564995892,-136.30201564995892,-136.30201564995892,-136.30201564995892,-136.30201564995892,-136.30201564995892,-136.30201564995892,-136.30201564995892,-136.30201564995892,-136.30201564995892,-136.30201564995892,-136.30201564995892,-136.30201564995892,-136.30201564995892,-136.30201564995892
