D = propeller diameter [m],AEdAO = expanded area ratio,PdD = pitch ratio,Z = propeller's number of blades,P_B = power brake,n = Propeller angular speed [rpm],fitness,t075dD,tmin075dD,tal07R,cavLim,Vtip,Vtipmax,penalty,valid
0.7999999985502124,0.8083261032669503,0.6815129035642423,6,,,-135.56717411309606
history
-145.23843003181378,-142.95558193288767,-136.22772969488585,-136.22772969488585,-136.07941825097953,-136.07941825097953,-135.78333368878037,-135.78333368878037,-135.78333368878037,-135.78333368878037,-135.71523520912032,-135.67380476315086,-135.66013875926822,-135.65981358842598,-135.65981358842598,-135.63534002575946,-135.61813448963835,-135.5871001407213,-135.58321149181774,-135.58321149181774,-135.58321149181774,-135.5745139059022,-135.5745139059022,-135.5701656951912,-135.5701656951912,-135.5701656951912,-135.57007353430365,-135.56980628160403,-135.5691513495712,-135.5691513495712,-135.5691513495712,-135.5691513495712,-135.5691513495712,-135.56717411309606,-135.56717411309606,-135.56717411309606,-135.56717411309606,-135.56717411309606,-135.56717411309606,-135.56717411309606
