D = propeller diameter [m],AEdAO = expanded area ratio,PdD = pitch ratio,Z = propeller's number of blades,P_B = power brake,n = Propeller angular speed [rpm],fitness,t075dD,tmin075dD,tal07R,cavLim,Vtip,Vtipmax,penalty,valid
0.7999991470282203,0.8093802995645495,0.6827492828175208,6,,,-135.58086098005077
history
-220.85941814954484,-172.7445548906976,-137.21678562605558,-137.21678562605558,-137.21678562605558,-137.21678562605558,-137.21678562605558,-136.30264161248758,-136.13957014096036,-136.13957014096036,-135.85730045550153,-135.85730045550153,-135.85730045550153,-135.83026621261322,-135.83026621261322,-135.78836313674248,-135.78836313674248,-135.78836313674248,-135.65792236590573,-135.65792236590573,-135.65792236590573,-135.59921746939798,-135.58254449841343,-135.58254449841343,-135.58254449841343,-135.58254449841343,-135.58254449841343,-135.58254449841343,-135.58254449841343,-135.58086098005077
solver Name,V_S,NPOPULATION,MAX_ITERATION,SEED
cmaes,8.0,10,30,3
