D = propeller diameter [m],AEdAO = expanded area ratio,PdD = pitch ratio,Z = propeller's number of blades,P_B = power brake,n = Propeller angular speed [rpm],fitness,t075dD,tmin075dD,tal07R,cavLim,Vtip,Vtipmax,penalty,valid
0.7999795643618718,0.8907206225491584,0.6690106151994616,6,,,-169.44794844974908,
history
-508.29446018752543,-278.0196421010074,-213.3008137580481,-175.3050908073399,-173.1457525097806,-171.48618800095977,-171.48618800095977,-171.48618800095977,-170.36741246189956,-170.36741246189956,-170.36741246189956,-170.28979074876932,-170.28979074876932,-170.2351876681838,-170.2351876681838,-170.19836147304656,-170.19836147304656,-169.67519138432536,-169.67519138432536,-169.51578379817946,-169.51578379817946,-169.51578379817946,-169.5082296495493,-169.5082296495493,-169.5082296495493,-169.47008439930093,-169.47008439930093,-169.44794844974908,-169.44794844974908,-169.44794844974908
