D = propeller diameter [m],AEdAO = expanded area ratio,PdD = pitch ratio,Z = propeller's number of blades,P_B = power brake,n = Propeller angular speed [rpm],fitness,t075dD,tmin075dD,tal07R,cavLim,Vtip,Vtipmax,penalty,valid
0.8,0.8478751618148526,0.7347577963426407,6,,,-135.92040387444993
history
-287.78466291322786,-227.39535008475724,-192.20794005629102,-192.20794005629102,-168.51786471525338,-139.76196163525103,-136.26402233070527,-135.92040387444993,-135.92040387444993,-135.92040387444993,-135.92040387444993,-135.92040387444993,-135.92040387444993,-135.92040387444993,-135.92040387444993,-135.92040387444993,-135.92040387444993,-135.92040387444993,-135.92040387444993,-135.92040387444993,-135.92040387444993,-135.92040387444993,-135.92040387444993,-135.92040387444993,-135.92040387444993,-135.92040387444993,-135.92040387444993,-135.92040387444993,-135.92040387444993,-135.92040387444993,-135.92040387444993,-135.92040387444993,-135.92040387444993,-135.92040387444993,-135.92040387444993,-135.92040387444993,-135.92040387444993,-135.92040387444993,-135.92040387444993,-135.92040387444993
