D = propeller diameter [m],AEdAO = expanded area ratio,PdD = pitch ratio,Z = propeller's number of blades,P_B = power brake,n = Propeller angular speed [rpm],fitness,t075dD,tmin075dD,tal07R,cavLim,Vtip,Vtipmax,penalty,valid
0.8,0.6386898120895572,0.6519094856092796,5,81.49009282737194,81.49009282737194,-81.49009282737194
history
-85.32724024754918,-85.32724024754918,-85.32724024754918,-85.32724024754918,-83.9749580859078,-83.9749580859078,-83.9749580859078,-83.0725444128803,-83.0725444128803,-83.0725444128803,-83.0725444128803,-83.0725444128803,-83.0725444128803,-83.0725444128803,-83.0725444128803,-83.0725444128803,-83.0725444128803,-83.0725444128803,-83.0725444128803,-83.0725444128803,-83.0725444128803,-83.0725444128803,-83.0725444128803,-83.0725444128803,-83.0725444128803,-83.0725444128803,-82.85201622238267,-81.99158241262195,-81.99158241262195,-81.99158241262195
solver Name,V_S,NPOPULATION,MAX_ITERATION,SEED
DE_mod,7.0,30,30,4
