D = propeller diameter [m],AEdAO = expanded area ratio,PdD = pitch ratio,Z = propeller's number of blades,P_B = power brake,n = Propeller angular speed [rpm],fitness,t075dD,tmin075dD,tal07R,cavLim,Vtip,Vtipmax,penalty,valid
0.7999981902310741,0.8895179362195996,0.6669579355855944,6,,,-169.44830598815628
history
-202.1467819597447,-178.6156226962323,-172.05355650430758,-172.05355650430758,-172.05355650430758,-172.05355650430758,-172.05355650430758,-172.05355650430758,-172.05355650430758,-169.71126676115117,-169.71126676115117,-169.71126676115117,-169.71126676115117,-169.6702064435624,-169.47366748427675,-169.47366748427675,-169.47366748427675,-169.47366748427675,-169.47366748427675,-169.47366748427675,-169.47366748427675,-169.47366748427675,-169.47366748427675,-169.47366748427675,-169.45730326254292,-169.44977504225486,-169.44977504225486,-169.44977504225486,-169.44977504225486,-169.44830598815628
