D = propeller diameter [m],AEdAO = expanded area ratio,PdD = pitch ratio,Z = propeller's number of blades,P_B = power brake,n = Propeller angular speed [rpm],fitness,t075dD,tmin075dD,tal07R,cavLim,Vtip,Vtipmax,penalty,valid
0.8,0.6780833710578122,0.6681272306073831,5,81.60382793530768,81.60382793530768,-81.60382793530768
history
-101.58338815505962,-101.58338815505962,-101.58338815505962,-94.26841198874946,-94.26841198874946,-87.94453785526018,-87.94453785526018,-87.94453785526018,-87.94453785526018,-87.94453785526018,-86.68439985475533,-86.68439985475533,-86.68439985475533,-86.68439985475533,-86.68439985475533,-86.68439985475533,-86.68439985475533,-86.68439985475533,-86.68439985475533,-86.68439985475533,-86.68439985475533,-86.68439985475533,-85.13084255101359,-85.13084255101359,-85.13084255101359,-83.46711361099456,-83.46711361099456,-83.38251458300962,-83.13231101725954,-83.13231101725954
solver Name,V_S,NPOPULATION,MAX_ITERATION,SEED
DE,7.0,30,30,1
