D = propeller diameter [m],AEdAO = expanded area ratio,PdD = pitch ratio,Z = propeller's number of blades,P_B = power brake,n = Propeller angular speed [rpm],fitness,t075dD,tmin075dD,tal07R,cavLim,Vtip,Vtipmax,penalty,valid
0.7999796217050743,0.6383790965852065,0.6782893170163456,5,,,-81.41757978320054
history
-179.412019473854,-112.49779290033395,-84.9637958040021,-84.02209590337564,-83.01006149463052,-83.01006149463052,-82.06374990879031,-82.06374990879031,-82.06374990879031,-82.06374990879031,-81.56933399631565,-81.56933399631565,-81.56933399631565,-81.56933399631565,-81.56933399631565,-81.56933399631565,-81.47012265115669,-81.47012265115669,-81.47012265115669,-81.47012265115669,-81.42233053113054,-81.42233053113054,-81.42233053113054,-81.4180834635328,-81.4180834635328,-81.4180834635328,-81.4180834635328,-81.41757978320054,-81.41757978320054,-81.41757978320054
solver Name,V_S,NPOPULATION,MAX_ITERATION,SEED
cmaes,7.0,10,30,4
