D = propeller diameter [m],AEdAO = expanded area ratio,PdD = pitch ratio,Z = propeller's number of blades,P_B = power brake,n = Propeller angular speed [rpm],fitness,t075dD,tmin075dD,tal07R,cavLim,Vtip,Vtipmax,penalty,valid
0.8,0.9657143667408252,0.7435526410476498,6,,,-137.79658364164013
history
-339.87834324838917,-163.45677239777476,-141.17250851351133,-137.79658364164013,-137.79658364164013,-137.79658364164013,-137.79658364164013,-137.79658364164013,-137.79658364164013,-137.79658364164013,-137.79658364164013,-137.79658364164013,-137.79658364164013,-137.79658364164013,-137.79658364164013,-137.79658364164013,-137.79658364164013,-137.79658364164013,-137.79658364164013,-137.79658364164013,-137.79658364164013,-137.79658364164013,-137.79658364164013,-137.79658364164013,-137.79658364164013,-137.79658364164013,-137.79658364164013,-137.79658364164013,-137.79658364164013,-137.79658364164013,-137.79658364164013,-137.79658364164013,-137.79658364164013,-137.79658364164013,-137.79658364164013,-137.79658364164013,-137.79658364164013,-137.79658364164013,-137.79658364164013,-137.79658364164013
