D = propeller diameter [m],AEdAO = expanded area ratio,PdD = pitch ratio,Z = propellers number of blades,P_B = power brake,n = Propeller angular speed [rpm],fitness
0.8,0.894167,0.717426,5,136.978062,813.172243,-136.978062
history
-185.590648,-185.590648,-185.590648,-185.590648,-185.590648,-185.590648,-185.590648,-183.375994,-176.828198,-160.198391,-160.198391,-160.198391,-160.198391,-160.198391,-160.198391,-160.198391,-160.198391,-140.620891,-140.620891,-140.620891,-140.620891,-140.620891,-140.620891,-140.620891,-139.07646,-139.07646,-136.978062,-136.978062,-136.978062,-136.978062
