D = propeller diameter [m],AEdAO = expanded area ratio,PdD = pitch ratio,Z = propellers number of blades,P_B = power brake,n = Propeller angular speed [rpm],fitness
0.8,0.903086,0.711443,6,136.704493,804.947559,-136.704493
history
-168.230208,-168.230208,-168.230208,-152.192333,-149.848061,-149.848061,-147.096558,-147.096558,-147.096558,-147.096558,-147.096558,-147.096558,-147.096558,-147.096558,-147.096558,-141.72206,-140.930796,-140.930796,-140.930796,-140.930796,-140.930796,-140.930796,-140.930796,-140.930796,-140.930796,-140.930796,-138.903202,-136.704493,-136.704493,-136.704493
