D = propeller diameter [m],AEdAO = expanded area ratio,PdD = pitch ratio,Z = propellers number of blades,P_B = power brake,n = Propeller angular speed [rpm],fitness
0.8,0.97337,0.746344,6,137.947964,779.54482,-137.947964
history
-197.230318,-197.230318,-197.230318,-197.230318,-197.230318,-197.230318,-197.230318,-138.083874,-138.083874,-138.083874,-138.083874,-138.083874,-138.083874,-138.083874,-138.083874,-138.083874,-138.083874,-138.083874,-138.083874,-138.083874,-138.083874,-138.083874,-138.083874,-138.083874,-138.083874,-138.083874,-138.083874,-138.083874,-138.083874,-137.947964
