D = propeller diameter [m],AEdAO = expanded area ratio,PdD = pitch ratio,Z = propeller's number of blades,P_B = power brake,n = Propeller angular speed [rpm],fitness,t075dD,tmin075dD,tal07R,cavLim,Vtip,Vtipmax,penalty,valid,,,,,,,,,,,,,,,
0.8,0.8950193514161046,0.7562125262955586,6,136.65426952925384,,-136.65426952925384,,,,,,,,,,,,,,,,,,,,,,,
history,,,,,,,,,,,,,,,,,,,,,,,,,,,,,
-161.26373435488145,-136.65426952925384,-136.65426952925384,-136.65426952925384,-136.65426952925384,-136.65426952925384,-136.65426952925384,-136.65426952925384,-136.65426952925384,-136.65426952925384,-136.65426952925384,-136.65426952925384,-136.65426952925384,-136.65426952925384,-136.65426952925384,-136.65426952925384,-136.65426952925384,-136.65426952925384,-136.65426952925384,-136.65426952925384,-136.65426952925384,-136.65426952925384,-136.65426952925384,-136.65426952925384,-136.65426952925384,-136.65426952925384,-136.65426952925384,-136.65426952925384,-136.65426952925384,-136.65426952925384
