D = propeller diameter [m],AEdAO = expanded area ratio,PdD = pitch ratio,Z = propellers number of blades,P_B = power brake,n = Propeller angular speed [rpm],fitness
0.8,0.791113,0.676199,4,138.295803,862.742289,-138.295803
history
-184.752774,-184.752774,-184.752774,-184.752774,-184.752774,-184.752774,-178.756277,-178.756277,-178.756277,-167.958857,-167.958857,-139.567229,-139.567229,-139.567229,-139.567229,-139.567229,-139.567229,-139.567229,-139.567229,-139.567229,-139.567229,-139.567229,-139.567229,-139.567229,-139.567229,-139.567229,-139.567229,-139.567229,-138.295803,-138.295803
