D = propeller diameter [m],AEdAO = expanded area ratio,PdD = pitch ratio,Z = propeller's number of blades,P_B = power brake,n = Propeller angular speed [rpm],fitness,t075dD,tmin075dD,tal07R,cavLim,Vtip,Vtipmax,penalty,valid
0.799994031704426,0.6310447437740387,0.6677299590630186,5,,,-81.40761454412797
history
-84.44634931779326,-82.58993180085899,-82.58993180085899,-82.08051240056537,-82.08051240056537,-82.08051240056537,-82.08051240056537,-82.05013563993263,-81.8464061103641,-81.60811425184261,-81.60811425184261,-81.60811425184261,-81.54319143448367,-81.4802895804034,-81.4802895804034,-81.47975585903839,-81.43312002163749,-81.43312002163749,-81.43312002163749,-81.43312002163749,-81.43312002163749,-81.43312002163749,-81.43312002163749,-81.41618273654352,-81.41057133535068,-81.40906767891035,-81.40906767891035,-81.40906767891035,-81.40906767891035,-81.40761454412797
solver Name,V_S,NPOPULATION,MAX_ITERATION,SEED
cmaes,7.0,10,30,6
