D = propeller diameter [m],AEdAO = expanded area ratio,PdD = pitch ratio,Z = propeller's number of blades,P_B = power brake,n = Propeller angular speed [rpm],fitness,t075dD,tmin075dD,tal07R,cavLim,Vtip,Vtipmax,penalty,valid
0.8,1.0380100773541976,0.7921811534724378,6,,,-139.49094202221536
history
-142.08927690300567,-139.49094202221536,-139.49094202221536,-139.49094202221536,-139.49094202221536,-139.49094202221536,-139.49094202221536,-139.49094202221536,-139.49094202221536,-139.49094202221536,-139.49094202221536,-139.49094202221536,-139.49094202221536,-139.49094202221536,-139.49094202221536,-139.49094202221536,-139.49094202221536,-139.49094202221536,-139.49094202221536,-139.49094202221536,-139.49094202221536,-139.49094202221536,-139.49094202221536,-139.49094202221536,-139.49094202221536,-139.49094202221536,-139.49094202221536,-139.49094202221536,-139.49094202221536,-139.49094202221536
solver Name,V_S,NPOPULATION,MAX_ITERATION,SEED
openaies,8.0,10,30,6
