D = propeller diameter [m],AEdAO = expanded area ratio,PdD = pitch ratio,Z = propeller's number of blades,P_B = power brake,n = Propeller angular speed [rpm],fitness,t075dD,tmin075dD,tal07R,cavLim,Vtip,Vtipmax,penalty,valid
0.7999990848200159,0.7027423588459155,0.6610950949382491,5,,,-106.19989343757588
history
-124.80362297843195,-111.5755846716093,-110.53824298454713,-110.53824298454713,-110.33984245267547,-110.33984245267547,-110.05214193762846,-110.05214193762846,-109.69282945827271,-108.70373658446253,-108.12445278386322,-107.97834628438649,-107.44956531925368,-106.9739153380656,-106.9739153380656,-106.4366725895318,-106.35337544978168,-106.35337544978168,-106.2843052278422,-106.2843052278422,-106.2843052278422,-106.2843052278422,-106.20789486315256,-106.20789486315256,-106.20198536172245,-106.20198536172245,-106.20198536172245,-106.20198536172245,-106.19989343757588,-106.19989343757588
solver Name,V_S,NPOPULATION,MAX_ITERATION,SEED
cmaes,7.5,10,30,5
