D = propeller diameter [m],AEdAO = expanded area ratio,PdD = pitch ratio,Z = propeller's number of blades,P_B = power brake,n = Propeller angular speed [rpm],fitness,t075dD,tmin075dD,tal07R,cavLim,Vtip,Vtipmax,penalty,valid
0.8,0.9637879820564703,0.7667929076248023,6,,,-170.83294098302386
history
-312.7074214009035,-275.47382844487083,-194.36565074032524,-194.36565074032524,-170.83294098302386,-170.83294098302386,-170.83294098302386,-170.83294098302386,-170.83294098302386,-170.83294098302386,-170.83294098302386,-170.83294098302386,-170.83294098302386,-170.83294098302386,-170.83294098302386,-170.83294098302386,-170.83294098302386,-170.83294098302386,-170.83294098302386,-170.83294098302386,-170.83294098302386,-170.83294098302386,-170.83294098302386,-170.83294098302386,-170.83294098302386,-170.83294098302386,-170.83294098302386,-170.83294098302386,-170.83294098302386,-170.83294098302386
