D = propeller diameter [m],AEdAO = expanded area ratio,PdD = pitch ratio,Z = propeller's number of blades,P_B = power brake,n = Propeller angular speed [rpm],fitness,t075dD,tmin075dD,tal07R,cavLim,Vtip,Vtipmax,penalty,valid
0.8,0.8974990515009833,0.65765739930456,6,,,-169.77168508624305
history
-181.97722046990543,-169.77168508624305,-169.77168508624305,-169.77168508624305,-169.77168508624305,-169.77168508624305,-169.77168508624305,-169.77168508624305,-169.77168508624305,-169.77168508624305,-169.77168508624305,-169.77168508624305,-169.77168508624305,-169.77168508624305,-169.77168508624305,-169.77168508624305,-169.77168508624305,-169.77168508624305,-169.77168508624305,-169.77168508624305,-169.77168508624305,-169.77168508624305,-169.77168508624305,-169.77168508624305,-169.77168508624305,-169.77168508624305,-169.77168508624305,-169.77168508624305,-169.77168508624305,-169.77168508624305
