D = propeller diameter [m],AEdAO = expanded area ratio,PdD = pitch ratio,Z = propeller's number of blades,P_B = power brake,n = Propeller angular speed [rpm],fitness,t075dD,tmin075dD,tal07R,cavLim,Vtip,Vtipmax,penalty,valid
0.7999866070205823,0.7914904119629884,0.6674031722954481,5,,,-135.59016413843707
history
-300.10009289688367,-300.10009289688367,-206.75737962642407,-157.23445266287368,-136.15903607039425,-136.15903607039425,-136.15903607039425,-136.15903607039425,-136.15903607039425,-136.15903607039425,-136.15903607039425,-136.15903607039425,-136.15903607039425,-136.15903607039425,-136.15903607039425,-136.15903607039425,-136.15903607039425,-136.15903607039425,-135.7180573152703,-135.7180573152703,-135.6307612360581,-135.6307612360581,-135.6307612360581,-135.6307612360581,-135.6307612360581,-135.6307612360581,-135.62586513076957,-135.62586513076957,-135.59016413843707,-135.59016413843707
solver Name,V_S,NPOPULATION,MAX_ITERATION,SEED
cmaes,8.0,10,30,4
