D = propeller diameter [m],AEdAO = expanded area ratio,PdD = pitch ratio,Z = propeller's number of blades,P_B = power brake,n = Propeller angular speed [rpm],fitness,t075dD,tmin075dD,tal07R,cavLim,Vtip,Vtipmax,penalty,valid
0.8,0.8046480335600156,0.6682022904640661,6,,,-135.65849996531077
history
-137.32120636654062,-137.32120636654062,-137.08266084330944,-136.52493160785014,-135.65849996531077,-135.65849996531077,-135.65849996531077,-135.65849996531077,-135.65849996531077,-135.65849996531077,-135.65849996531077,-135.65849996531077,-135.65849996531077,-135.65849996531077,-135.65849996531077,-135.65849996531077,-135.65849996531077,-135.65849996531077,-135.65849996531077,-135.65849996531077
