D = propeller diameter [m],AEdAO = expanded area ratio,PdD = pitch ratio,Z = propeller's number of blades,P_B = power brake,n = Propeller angular speed [rpm],fitness,t075dD,tmin075dD,tal07R,cavLim,Vtip,Vtipmax,penalty,valid
0.7994822050246142,0.7175857096565379,0.6741284834136015,5,106.32168949201902,106.32168949201902,-106.32168949201902
history
-148.50397443299585,-148.50397443299585,-148.50397443299585,-148.50397443299585,-148.50397443299585,-148.50397443299585,-148.50397443299585,-111.97192782016054,-111.97192782016054,-111.97192782016054,-111.97192782016054,-111.97192782016054,-111.97192782016054,-111.97192782016054,-111.97192782016054,-111.97192782016054,-111.97192782016054,-111.33711939850436,-111.33711939850436,-111.33711939850436,-111.33711939850436,-111.33711939850436,-111.33711939850436,-111.33711939850436,-111.33711939850436,-111.33711939850436,-111.16227880676098,-110.42863921247351,-110.42863921247351,-110.42863921247351
solver Name,V_S,NPOPULATION,MAX_ITERATION,SEED
DE_mod,7.5,30,30,9
