D = propeller diameter [m],AEdAO = expanded area ratio,PdD = pitch ratio,Z = propeller's number of blades,P_B = power brake,n = Propeller angular speed [rpm],fitness,t075dD,tmin075dD,tal07R,cavLim,Vtip,Vtipmax,penalty,valid
0.8,0.718653135480432,0.6570049168973803,5,106.35005973446296,106.35005973446296,-106.35005973446296
history
-146.4655460019294,-146.4655460019294,-146.4655460019294,-146.4655460019294,-146.4655460019294,-146.4655460019294,-146.4655460019294,-146.4655460019294,-146.4655460019294,-146.4655460019294,-146.4655460019294,-146.4655460019294,-146.4655460019294,-146.4655460019294,-146.4655460019294,-146.4655460019294,-146.4655460019294,-146.4655460019294,-138.3507489568442,-112.93516001445094,-112.93516001445094,-112.93516001445094,-109.52532855921103,-109.52532855921103,-109.52532855921103,-109.52532855921103,-109.52532855921103,-107.20631998603118,-107.20631998603118,-107.20631998603118
solver Name,V_S,NPOPULATION,MAX_ITERATION,SEED
DE_mod,7.5,30,30,7
