D = propeller diameter [m],AEdAO = expanded area ratio,PdD = pitch ratio,Z = propeller's number of blades,P_B = power brake,n = Propeller angular speed [rpm],fitness,t075dD,tmin075dD,tal07R,cavLim,Vtip,Vtipmax,penalty,valid
0.7999995344561159,0.892392211143903,0.671224020885774,6,,,-169.4517415337832
history
-256.02667683878786,-172.5694078014846,-172.5694078014846,-172.5694078014846,-172.5694078014846,-172.5694078014846,-171.6079108826553,-171.55580361177041,-171.55580361177041,-171.55580361177041,-170.83104965649866,-170.83104965649866,-170.83104965649866,-170.11079953225197,-169.82072032790367,-169.82072032790367,-169.4517415337832,-169.4517415337832,-169.4517415337832,-169.4517415337832,-169.4517415337832,-169.4517415337832,-169.4517415337832,-169.4517415337832,-169.4517415337832,-169.4517415337832,-169.4517415337832,-169.4517415337832,-169.4517415337832,-169.4517415337832
solver Name,V_S,NPOPULATION,MAX_ITERATION,SEED
cmaes,8.5,10,30,5
