D = propeller diameter [m],AEdAO = expanded area ratio,PdD = pitch ratio,Z = propeller's number of blades,P_B = power brake,n = Propeller angular speed [rpm],fitness,t075dD,tmin075dD,tal07R,cavLim,Vtip,Vtipmax,penalty,valid
0.8,0.9373119781080451,0.7088892939467971,6,,,-170.10402795141758
history
-478.99858830866464,-405.5881302131875,-405.5881302131875,-351.84395352101666,-292.47967705043334,-196.97310726066965,-196.97310726066965,-172.93991374757036,-170.10402795141758,-170.10402795141758,-170.10402795141758,-170.10402795141758,-170.10402795141758,-170.10402795141758,-170.10402795141758,-170.10402795141758,-170.10402795141758,-170.10402795141758,-170.10402795141758,-170.10402795141758,-170.10402795141758,-170.10402795141758,-170.10402795141758,-170.10402795141758,-170.10402795141758,-170.10402795141758,-170.10402795141758,-170.10402795141758,-170.10402795141758,-170.10402795141758
