D = propeller diameter [m],AEdAO = expanded area ratio,PdD = pitch ratio,Z = propeller's number of blades,P_B = power brake,n = Propeller angular speed [rpm],fitness,t075dD,tmin075dD,tal07R,cavLim,Vtip,Vtipmax,penalty,valid
0.793483957905823,0.9060890654721084,0.754569667884981,6,,,-137.6950646247712
history
-146.99944806343032,-144.75917006564796,-141.57799403190262,-138.00651383304373,-137.6950646247712,-137.6950646247712,-137.6950646247712,-137.6950646247712,-137.6950646247712,-137.6950646247712,-137.6950646247712,-137.6950646247712,-137.6950646247712,-137.6950646247712,-137.6950646247712,-137.6950646247712,-137.6950646247712,-137.6950646247712,-137.6950646247712,-137.6950646247712,-137.6950646247712,-137.6950646247712,-137.6950646247712,-137.6950646247712,-137.6950646247712,-137.6950646247712,-137.6950646247712,-137.6950646247712,-137.6950646247712,-137.6950646247712
