D = propeller diameter [m],AEdAO = expanded area ratio,PdD = pitch ratio,Z = propeller's number of blades,P_B = power brake,n = Propeller angular speed [rpm],fitness,t075dD,tmin075dD,tal07R,cavLim,Vtip,Vtipmax,penalty,valid
0.8,1.05,0.7591390025567395,6,,,-110.16928548659592
history
-136.80542798639365,-121.62344851156041,-113.16027117009479,-112.07140025440347,-110.20927556144878,-110.17657788275523,-110.17657788275523,-110.17657788275523,-110.17657788275523,-110.17657788275523,-110.17657788275523,-110.17657788275523,-110.17657788275523,-110.17657788275523,-110.17657788275523,-110.17250018976017,-110.17250018976017,-110.17250018976017,-110.17250018976017,-110.17250018976017,-110.17250018976017,-110.17250018976017,-110.17250018976017,-110.17250018976017,-110.17250018976017,-110.17250018976017,-110.17250018976017,-110.17250018976017,-110.17250018976017,-110.16928548659592
