D = propeller diameter [m],AEdAO = expanded area ratio,PdD = pitch ratio,Z = propeller's number of blades,P_B = power brake,n = Propeller angular speed [rpm],fitness,t075dD,tmin075dD,tal07R,cavLim,Vtip,Vtipmax,penalty,valid
0.7854563119815923,0.33367131541406836,0.6065624901769845,2,79.98707964192936,79.98707964192936,-79.98707964192936
history
-86.6073331773516,-86.6073331773516,-86.6073331773516,-86.6073331773516,-86.6073331773516,-84.57022906545774,-84.57022906545774,-84.57022906545774,-84.57022906545774,-84.57022906545774,-84.57022906545774,-82.4404820059329,-82.4404820059329,-82.4404820059329,-82.4404820059329,-82.4404820059329,-82.4404820059329,-82.4404820059329,-82.4404820059329,-82.4404820059329,-82.4404820059329,-82.4404820059329,-82.4404820059329,-82.4404820059329,-82.4404820059329,-82.4404820059329,-82.4404820059329,-82.4404820059329,-82.4404820059329,-82.31113270676832
solver Name,V_S,NPOPULATION,MAX_ITERATION,SEED
DE_mod,7.0,30,30,3
