D = propeller diameter [m],AEdAO = expanded area ratio,PdD = pitch ratio,Z = propeller's number of blades,P_B = power brake,n = Propeller angular speed [rpm],fitness,t075dD,tmin075dD,tal07R,cavLim,Vtip,Vtipmax,penalty,valid
0.7999927892291329,0.8108742109596362,0.682394717490449,6,,,-135.59200928422865,
history
-177.03794166555613,-162.31298207053624,-143.98976645146087,-140.12431658364176,-139.85145882184298,-139.63867678951712,-139.63867678951712,-139.07139698323135,-138.0817733010043,-138.01728451280792,-136.69233510239442,-136.69233510239442,-136.69233510239442,-136.69233510239442,-136.51347744809374,-136.3993240412264,-136.3993240412264,-136.3993240412264,-136.18137463305197,-136.18137463305197,-136.12706288187016,-135.79516812678435,-135.79516812678435,-135.79516812678435,-135.79516812678435,-135.78255125126407,-135.63134651713173,-135.5935835523243,-135.5935835523243,-135.59200928422865
