D = propeller diameter [m],AEdAO = expanded area ratio,PdD = pitch ratio,Z = propeller's number of blades,P_B = power brake,n = Propeller angular speed [rpm],fitness,t075dD,tmin075dD,tal07R,cavLim,Vtip,Vtipmax,penalty,valid
0.8,0.7369031336166085,0.7796683984845334,7,,,-82.99458706160989
history
-101.60411467793884,-87.00435628173233,-85.76252121975665,-85.76252121975665,-85.71071933701718,-85.71071933701718,-85.71071933701718,-85.4566622364143,-85.0169156186884,-85.0169156186884,-84.9170010568333,-84.22275947742953,-84.22275947742953,-83.58787320651008,-83.48158263599107,-83.46286531326807,-82.99458706160989,-82.99458706160989,-82.99458706160989,-82.99458706160989,-82.99458706160989,-82.99458706160989,-82.99458706160989,-82.99458706160989,-82.99458706160989,-82.99458706160989,-82.99458706160989,-82.99458706160989,-82.99458706160989,-82.99458706160989
solver Name,V_S,NPOPULATION,MAX_ITERATION,SEED
openaies,7.0,10,30,5
