D = propeller diameter [m],AEdAO = expanded area ratio,PdD = pitch ratio,Z = propeller's number of blades,P_B = power brake,n = Propeller angular speed [rpm],fitness,t075dD,tmin075dD,tal07R,cavLim,Vtip,Vtipmax,penalty,valid
0.8,0.8402610329719312,0.6911617171420132,6,135.88168496104674,135.88168496104674,-135.88168496104674
history
-152.1022730006002,-152.1022730006002,-152.1022730006002,-152.1022730006002,-152.1022730006002,-152.1022730006002,-152.1022730006002,-152.1022730006002,-152.1022730006002,-152.1022730006002,-152.1022730006002,-152.1022730006002,-152.1022730006002,-152.1022730006002,-152.1022730006002,-152.1022730006002,-152.1022730006002,-152.1022730006002,-152.1022730006002,-152.1022730006002,-141.84620050958992,-138.49567613967878,-137.17227133716628,-137.17108204864823,-137.17108204864823,-137.17108204864823,-137.17108204864823,-137.17108204864823,-137.17108204864823,-137.17108204864823
solver Name,V_S,NPOPULATION,MAX_ITERATION,SEED
DE_mod,8.0,30,30,5
