D = propeller diameter [m],AEdAO = expanded area ratio,PdD = pitch ratio,Z = propeller's number of blades,P_B = power brake,n = Propeller angular speed [rpm],fitness,t075dD,tmin075dD,tal07R,cavLim,Vtip,Vtipmax,penalty,valid
0.8,0.8843576858578966,0.6528263538967867,6,169.58828549787157,169.58828549787157,-169.58828549787157
history
-210.85879153568308,-210.85879153568308,-210.85879153568308,-210.85879153568308,-210.85879153568308,-210.85879153568308,-210.85879153568308,-210.85879153568308,-210.85879153568308,-210.85879153568308,-210.85879153568308,-210.85879153568308,-210.85879153568308,-210.85879153568308,-210.85879153568308,-210.85879153568308,-210.85879153568308,-210.85879153568308,-181.8371116256197,-180.54261213433384,-180.54261213433384,-179.9840706066811,-173.18201064331737,-173.18201064331737,-173.18201064331737,-173.18201064331737,-173.18201064331737,-173.18201064331737,-171.5915522874212,-171.05070869628096
solver Name,V_S,NPOPULATION,MAX_ITERATION,SEED
DE_mod,8.5,30,30,2
