D = propeller diameter [m],AEdAO = expanded area ratio,PdD = pitch ratio,Z = propeller's number of blades,P_B = power brake,n = Propeller angular speed [rpm],fitness,t075dD,tmin075dD,tal07R,cavLim,Vtip,Vtipmax,penalty,valid
0.8,0.7329728157695413,0.6265964606374853,5,,,-106.80785278345603
history
-307.26988369645306,-169.4355874482144,-114.39918128234171,-114.39918128234171,-106.80785278345603,-106.80785278345603,-106.80785278345603,-106.80785278345603,-106.80785278345603,-106.80785278345603,-106.80785278345603,-106.80785278345603,-106.80785278345603,-106.80785278345603,-106.80785278345603,-106.80785278345603,-106.80785278345603,-106.80785278345603,-106.80785278345603,-106.80785278345603,-106.80785278345603,-106.80785278345603,-106.80785278345603,-106.80785278345603,-106.80785278345603,-106.80785278345603,-106.80785278345603,-106.80785278345603,-106.80785278345603,-106.80785278345603
