D = propeller diameter [m],AEdAO = expanded area ratio,PdD = pitch ratio,Z = propeller's number of blades,P_B = power brake,n = Propeller angular speed [rpm],fitness,t075dD,tmin075dD,tal07R,cavLim,Vtip,Vtipmax,penalty,valid
0.8,0.7221688075893358,0.7065676831155827,5,81.82630250947253,81.82630250947253,-81.82630250947253
history
-100.7551967748237,-89.81095930365413,-89.81095930365413,-89.81095930365413,-89.81095930365413,-89.81095930365413,-89.81095930365413,-89.81095930365413,-89.81095930365413,-89.81095930365413,-89.58528103846726,-89.58528103846726,-87.88204663996042,-87.88204663996042,-87.88204663996042,-87.88204663996042,-87.88204663996042,-87.88204663996042,-87.88204663996042,-87.88204663996042,-87.88204663996042,-87.88204663996042,-87.6614746912156,-85.6552044218442,-85.6552044218442,-84.68146333558244,-84.68146333558244,-84.68146333558244,-83.16476483087803,-82.59456383336375
solver Name,V_S,NPOPULATION,MAX_ITERATION,SEED
DE,7.0,30,30,7
