D = propeller diameter [m],AEdAO = expanded area ratio,PdD = pitch ratio,Z = propeller's number of blades,P_B = power brake,n = Propeller angular speed [rpm],fitness,t075dD,tmin075dD,tal07R,cavLim,Vtip,Vtipmax,penalty,valid
0.7999999140430888,0.8906759734821795,0.6676988682485478,6,,,-169.45758471969657
history
-469.304300955462,-315.37621754650377,-209.97562769947837,-209.97562769947837,-184.53101057151116,-174.08995721579006,-170.84230262442662,-170.84230262442662,-170.84230262442662,-170.84230262442662,-170.84230262442662,-170.84230262442662,-169.76290440360935,-169.76290440360935,-169.76290440360935,-169.76290440360935,-169.76290440360935,-169.76290440360935,-169.76290440360935,-169.75737601772252,-169.75737601772252,-169.75737601772252,-169.57376987641658,-169.57376987641658,-169.57376987641658,-169.48738875698805,-169.47446944612963,-169.47446944612963,-169.45758471969657,-169.45758471969657
solver Name,V_S,NPOPULATION,MAX_ITERATION,SEED
cmaes,8.5,10,30,7
