D = propeller diameter [m],AEdAO = expanded area ratio,PdD = pitch ratio,Z = propeller's number of blades,P_B = power brake,n = Propeller angular speed [rpm],fitness,t075dD,tmin075dD,tal07R,cavLim,Vtip,Vtipmax,penalty,valid
0.8,0.8561066006110818,0.7250863771825437,6,,,-136.0149065941062
history
-138.8340474851869,-136.45293323621945,-136.3664999835653,-136.3664999835653,-136.0149065941062,-136.0149065941062,-136.0149065941062,-136.0149065941062,-136.0149065941062,-136.0149065941062,-136.0149065941062,-136.0149065941062,-136.0149065941062,-136.0149065941062,-136.0149065941062,-136.0149065941062,-136.0149065941062,-136.0149065941062,-136.0149065941062,-136.0149065941062,-136.0149065941062,-136.0149065941062,-136.0149065941062,-136.0149065941062,-136.0149065941062,-136.0149065941062,-136.0149065941062,-136.0149065941062,-136.0149065941062,-136.0149065941062,-136.0149065941062,-136.0149065941062,-136.0149065941062,-136.0149065941062,-136.0149065941062,-136.0149065941062,-136.0149065941062,-136.0149065941062,-136.0149065941062,-136.0149065941062
