D = propeller diameter [m],AEdAO = expanded area ratio,PdD = pitch ratio,Z = propeller's number of blades,P_B = power brake,n = Propeller angular speed [rpm],fitness,t075dD,tmin075dD,tal07R,cavLim,Vtip,Vtipmax,penalty,valid
0.8,1.05,0.7506592216539475,6,,,-172.97836923874294
history
-272.7640854219626,-205.3356774564155,-186.5482708834139,-173.58528710516345,-173.1244646755186,-173.01411166067487,-173.01411166067487,-173.01411166067487,-172.98776338535734,-172.98776338535734,-172.98776338535734,-172.98776338535734,-172.98776338535734,-172.98776338535734,-172.98776338535734,-172.97836923874294,-172.97836923874294,-172.97836923874294,-172.97836923874294,-172.97836923874294,-172.97836923874294,-172.97836923874294,-172.97836923874294,-172.97836923874294,-172.97836923874294,-172.97836923874294,-172.97836923874294,-172.97836923874294,-172.97836923874294,-172.97836923874294
solver Name,V_S,NPOPULATION,MAX_ITERATION,SEED
openaies,8.5,10,30,5
