D = propeller diameter [m],AEdAO = expanded area ratio,PdD = pitch ratio,Z = propeller's number of blades,P_B = power brake,n = Propeller angular speed [rpm],fitness,t075dD,tmin075dD,tal07R,cavLim,Vtip,Vtipmax,penalty,valid
0.8,0.7426500506252326,0.6950157722814926,6,106.48939368903245,106.48939368903245,-106.48939368903245
history
-133.771917773465,-133.771917773465,-133.771917773465,-133.771917773465,-133.771917773465,-133.771917773465,-133.771917773465,-133.771917773465,-133.771917773465,-133.771917773465,-133.771917773465,-133.771917773465,-133.771917773465,-133.771917773465,-107.7968724646271,-107.7968724646271,-107.7968724646271,-107.63297988094578,-107.63297988094578,-107.63297988094578,-107.44949172524224,-107.44949172524224,-107.04709523959794,-107.03279638833232,-107.03279638833232,-107.03279638833232,-107.03279638833232,-107.03279638833232,-107.03279638833232,-107.03279638833232
solver Name,V_S,NPOPULATION,MAX_ITERATION,SEED
DE_mod,7.5,30,30,3
