D = propeller diameter [m],AEdAO = expanded area ratio,PdD = pitch ratio,Z = propeller's number of blades,P_B = power brake,n = Propeller angular speed [rpm],fitness,t075dD,tmin075dD,tal07R,cavLim,Vtip,Vtipmax,penalty,valid
0.7999227158298596,0.8939743412822758,0.6726306127049851,6,,,-169.48079538704698
history
-498.4171619150896,-218.0165286161991,-180.58646422817284,-173.539603129653,-173.539603129653,-172.47866546369272,-172.47866546369272,-171.41154462943982,-171.41154462943982,-171.41154462943982,-169.8561432844431,-169.8561432844431,-169.8561432844431,-169.8561432844431,-169.8561432844431,-169.8561432844431,-169.8561432844431,-169.8561432844431,-169.8561432844431,-169.8561432844431,-169.8561432844431,-169.8561432844431,-169.55805490421997,-169.55805490421997,-169.51488633052713,-169.51488633052713,-169.51488633052713,-169.48079538704698,-169.48079538704698,-169.48079538704698
solver Name,V_S,NPOPULATION,MAX_ITERATION,SEED
cmaes,8.5,10,30,4
