D = propeller diameter [m],AEdAO = expanded area ratio,PdD = pitch ratio,Z = propeller's number of blades,P_B = power brake,n = Propeller angular speed [rpm],fitness,t075dD,tmin075dD,tal07R,cavLim,Vtip,Vtipmax,penalty,valid
0.8,0.6974116535138338,0.6416124677089355,5,,,-106.29836378859677
history
-108.46928262117669,-108.46928262117669,-108.46928262117669,-108.46928262117669,-108.46928262117669,-107.47202880029683,-107.47202880029683,-107.47202880029683,-106.34446871509873,-106.34446871509873,-106.34446871509873,-106.29836378859677,-106.29836378859677,-106.29836378859677,-106.29836378859677,-106.29836378859677,-106.29836378859677,-106.29836378859677,-106.29836378859677,-106.29836378859677,-106.29836378859677,-106.29836378859677,-106.29836378859677,-106.29836378859677,-106.29836378859677,-106.29836378859677,-106.29836378859677,-106.29836378859677,-106.29836378859677,-106.29836378859677
solver Name,V_S,NPOPULATION,MAX_ITERATION,SEED
openaies,7.5,10,30,2
