D = propeller diameter [m],AEdAO = expanded area ratio,PdD = pitch ratio,Z = propeller's number of blades,P_B = power brake,n = Propeller angular speed [rpm],fitness,t075dD,tmin075dD,tal07R,cavLim,Vtip,Vtipmax,penalty,valid
0.8,0.8533146351729927,0.7518177249256847,5,,,-136.59754135568608
history
-186.18440299480653,-172.0377774947691,-136.59754135568608,-136.59754135568608,-136.59754135568608,-136.59754135568608,-136.59754135568608,-136.59754135568608,-136.59754135568608,-136.59754135568608,-136.59754135568608,-136.59754135568608,-136.59754135568608,-136.59754135568608,-136.59754135568608,-136.59754135568608,-136.59754135568608,-136.59754135568608,-136.59754135568608,-136.59754135568608,-136.59754135568608,-136.59754135568608,-136.59754135568608,-136.59754135568608,-136.59754135568608,-136.59754135568608,-136.59754135568608,-136.59754135568608,-136.59754135568608,-136.59754135568608
solver Name,V_S,NPOPULATION,MAX_ITERATION,SEED
openaies,8.0,10,30,3
