D = propeller diameter [m],AEdAO = expanded area ratio,PdD = pitch ratio,Z = propeller's number of blades,P_B = power brake,n = Propeller angular speed [rpm],fitness,t075dD,tmin075dD,tal07R,cavLim,Vtip,Vtipmax,penalty,valid
0.7999981443234703,0.887779542728515,0.6640752234845824,6,,,-169.45785226756507
history
-186.91873698124695,-174.15332399590974,-174.15332399590974,-172.02565919837176,-172.02565919837176,-172.02565919837176,-170.85878806105762,-170.85878806105762,-170.04157153957328,-170.04157153957328,-170.04157153957328,-170.04157153957328,-170.04157153957328,-169.78940649325534,-169.78940649325534,-169.78940649325534,-169.78940649325534,-169.78940649325534,-169.7815320575232,-169.7815320575232,-169.65480064405202,-169.64162404676796,-169.51658002336004,-169.4897429626328,-169.4897429626328,-169.4897429626328,-169.4897429626328,-169.4897429626328,-169.46508505934906,-169.45785226756507
solver Name,V_S,NPOPULATION,MAX_ITERATION,SEED
cmaes,8.5,10,30,0
