D = propeller diameter [m],AEdAO = expanded area ratio,PdD = pitch ratio,Z = propeller's number of blades,P_B = power brake,n = Propeller angular speed [rpm],fitness,t075dD,tmin075dD,tal07R,cavLim,Vtip,Vtipmax,penalty,valid
0.8,0.732691525835998,0.6778122543058509,5,,,-106.37895804128053
history
-129.23000886463024,-107.70216002396467,-106.99983158367891,-106.99983158367891,-106.99983158367891,-106.51468181449079,-106.51468181449079,-106.51468181449079,-106.51468181449079,-106.51468181449079,-106.51468181449079,-106.51468181449079,-106.51468181449079,-106.37895804128053,-106.37895804128053,-106.37895804128053,-106.37895804128053,-106.37895804128053,-106.37895804128053,-106.37895804128053,-106.37895804128053,-106.37895804128053,-106.37895804128053,-106.37895804128053,-106.37895804128053,-106.37895804128053,-106.37895804128053,-106.37895804128053,-106.37895804128053,-106.37895804128053
