D = propeller diameter [m],AEdAO = expanded area ratio,PdD = pitch ratio,Z = propeller's number of blades,P_B = power brake,n = Propeller angular speed [rpm],fitness,t075dD,tmin075dD,tal07R,cavLim,Vtip,Vtipmax,penalty,valid
0.7999990720699452,0.7887880774953858,0.6634430467144307,5,,,-135.57200403525357
history
-148.50754461681825,-140.16049322941424,-140.16049322941424,-138.89393706415694,-137.83581312531277,-137.83581312531277,-137.15928584361606,-137.15928584361606,-136.53698334911354,-135.90940372360737,-135.90940372360737,-135.90940372360737,-135.7898248000892,-135.78435539909415,-135.78435539909415,-135.78435539909415,-135.65012362590275,-135.65012362590275,-135.65012362590275,-135.6168405350449,-135.6168405350449,-135.6168405350449,-135.57200403525357,-135.57200403525357,-135.57200403525357,-135.57200403525357,-135.57200403525357,-135.57200403525357,-135.57200403525357,-135.57200403525357
solver Name,V_S,NPOPULATION,MAX_ITERATION,SEED
cmaes,8.0,10,30,6
