D = propeller diameter [m],AEdAO = expanded area ratio,PdD = pitch ratio,Z = propeller's number of blades,P_B = power brake,n = Propeller angular speed [rpm],fitness,t075dD,tmin075dD,tal07R,cavLim,Vtip,Vtipmax,penalty,valid
0.8,0.8471986581208287,0.6803042246873686,6,,,-136.0391851460787
history
-355.09051173539245,-218.1463936676495,-157.17132131853097,-157.17132131853097,-148.32922194732106,-137.8603144070326,-137.45280864010633,-136.0391851460787,-136.0391851460787,-136.0391851460787,-136.0391851460787,-136.0391851460787,-136.0391851460787,-136.0391851460787,-136.0391851460787,-136.0391851460787,-136.0391851460787,-136.0391851460787,-136.0391851460787,-136.0391851460787,-136.0391851460787,-136.0391851460787,-136.0391851460787,-136.0391851460787,-136.0391851460787,-136.0391851460787,-136.0391851460787,-136.0391851460787,-136.0391851460787,-136.0391851460787
