D = propeller diameter [m],AEdAO = expanded area ratio,PdD = pitch ratio,Z = propeller's number of blades,P_B = power brake,n = Propeller angular speed [rpm],fitness,t075dD,tmin075dD,tal07R,cavLim,Vtip,Vtipmax,penalty,valid
0.7999992177772427,0.8070347610667428,0.6796654545557785,6,,,-135.57314334151047
history
-201.82239329723728,-140.50521204847425,-138.65053656778164,-138.65053656778164,-138.65053656778164,-137.74334844621995,-137.0744308627477,-137.0744308627477,-137.0744308627477,-136.76641370371362,-136.76641370371362,-136.54861465892532,-136.4008140937415,-135.63946796263016,-135.63946796263016,-135.63946796263016,-135.63946796263016,-135.63946796263016,-135.63946796263016,-135.63946796263016,-135.63946796263016,-135.63946796263016,-135.63946796263016,-135.63018116353803,-135.60188621327578,-135.60188621327578,-135.60188621327578,-135.60188621327578,-135.60188621327578,-135.57314334151047
solver Name,V_S,NPOPULATION,MAX_ITERATION,SEED
cmaes,8.0,10,30,8
