D = propeller diameter [m],AEdAO = expanded area ratio,PdD = pitch ratio,Z = propeller's number of blades,P_B = power brake,n = Propeller angular speed [rpm],fitness,t075dD,tmin075dD,tal07R,cavLim,Vtip,Vtipmax,penalty,valid
0.7998937782811406,0.8255136656209582,0.7028245231066048,6,,,-135.66028926312958
history
-148.85981128224745,-138.5855048575559,-138.5855048575559,-138.5350657459588,-138.5350657459588,-138.21857277550913,-138.21857277550913,-138.21857277550913,-137.24870430166462,-136.5556161009849,-136.5556161009849,-135.70210851254444,-135.70210851254444,-135.70210851254444,-135.70210851254444,-135.70210851254444,-135.70210851254444,-135.70210851254444,-135.70210851254444,-135.66028926312958,-135.66028926312958,-135.66028926312958,-135.66028926312958,-135.66028926312958,-135.66028926312958,-135.66028926312958,-135.66028926312958,-135.66028926312958,-135.66028926312958,-135.66028926312958
solver Name,V_S,NPOPULATION,MAX_ITERATION,SEED
cmaes,8.0,10,30,9
