D = propeller diameter [m],AEdAO = expanded area ratio,PdD = pitch ratio,Z = propeller's number of blades,P_B = power brake,n = Propeller angular speed [rpm],fitness,t075dD,tmin075dD,tal07R,cavLim,Vtip,Vtipmax,penalty,valid
0.7854563119815923,0.33367131541406836,0.6065624901769845,2,132.14123418659617,132.14123418659617,-132.14123418659617
history
-148.04396004025656,-148.04396004025656,-148.04396004025656,-148.04396004025656,-148.04396004025656,-148.04396004025656,-148.04396004025656,-148.04396004025656,-148.04396004025656,-148.04396004025656,-148.04396004025656,-148.04396004025656,-148.04396004025656,-148.04396004025656,-148.04396004025656,-148.04396004025656,-148.04396004025656,-147.68556749071564,-142.8972002918373,-142.8972002918373,-141.50226106112734,-141.50226106112734,-141.50226106112734,-141.50226106112734,-139.58351411869077,-139.58351411869077,-136.33437952984764,-136.33437952984764,-136.33437952984764,-136.33437952984764
solver Name,V_S,NPOPULATION,MAX_ITERATION,SEED
DE_mod,8.0,30,30,2
