D = propeller diameter [m],AEdAO = expanded area ratio,PdD = pitch ratio,Z = propeller's number of blades,P_B = power brake,n = Propeller angular speed [rpm],fitness,t075dD,tmin075dD,tal07R,cavLim,Vtip,Vtipmax,penalty,valid
0.7999820373188862,0.7946356875753682,0.6727321966543011,5,,,-135.58850463639462
history
-424.44236100073766,-242.9558598748945,-164.19793865206572,-156.18845292682883,-140.38246985381878,-140.38246985381878,-137.41616967144762,-136.0478431316127,-136.0478431316127,-136.0478431316127,-136.0478431316127,-136.0478431316127,-135.84265106790363,-135.84265106790363,-135.84265106790363,-135.82351604765518,-135.82351604765518,-135.82351604765518,-135.82351604765518,-135.76898102912665,-135.66128705955606,-135.66128705955606,-135.66128705955606,-135.62164176933172,-135.62164176933172,-135.5909537756195,-135.5909537756195,-135.5909537756195,-135.58850463639462,-135.58850463639462
solver Name,V_S,NPOPULATION,MAX_ITERATION,SEED
cmaes,8.0,10,30,7
