D = propeller diameter [m],AEdAO = expanded area ratio,PdD = pitch ratio,Z = propeller's number of blades,P_B = power brake,n = Propeller angular speed [rpm],fitness,t075dD,tmin075dD,tal07R,cavLim,Vtip,Vtipmax,penalty,valid
0.8,0.8832302571663542,0.7802507095994208,6,,,-136.68023460817395
history
-139.28047352060528,-136.68023460817395,-136.68023460817395,-136.68023460817395,-136.68023460817395,-136.68023460817395,-136.68023460817395,-136.68023460817395,-136.68023460817395,-136.68023460817395,-136.68023460817395,-136.68023460817395,-136.68023460817395,-136.68023460817395,-136.68023460817395,-136.68023460817395,-136.68023460817395,-136.68023460817395,-136.68023460817395,-136.68023460817395,-136.68023460817395,-136.68023460817395,-136.68023460817395,-136.68023460817395,-136.68023460817395,-136.68023460817395,-136.68023460817395,-136.68023460817395,-136.68023460817395,-136.68023460817395,-136.68023460817395,-136.68023460817395,-136.68023460817395,-136.68023460817395,-136.68023460817395,-136.68023460817395,-136.68023460817395,-136.68023460817395,-136.68023460817395,-136.68023460817395
