D = propeller diameter [m],AEdAO = expanded area ratio,PdD = pitch ratio,Z = propeller's number of blades,P_B = power brake,n = Propeller angular speed [rpm],fitness,t075dD,tmin075dD,tal07R,cavLim,Vtip,Vtipmax,penalty,valid
0.799999979405073,0.7876774390384574,0.6611541345830794,5,,,-135.57837012131034
history
-262.7864197438556,-193.63009093541044,-144.39475604826637,-141.79308777972338,-139.0274421603618,-136.78323144167263,-136.78323144167263,-136.78323144167263,-136.78323144167263,-136.7796951171218,-136.69748656165544,-136.69748656165544,-136.69748656165544,-136.46296212744573,-136.0554489997771,-136.0554489997771,-135.7663376301176,-135.7663376301176,-135.7663376301176,-135.6294821421684,-135.6128013659789,-135.6128013659789,-135.610883449971,-135.5975567155773,-135.5975567155773,-135.58608293097285,-135.58608293097285,-135.58608293097285,-135.58608293097285,-135.57837012131034
