D = propeller diameter [m],AEdAO = expanded area ratio,PdD = pitch ratio,Z = propeller's number of blades,P_B = power brake,n = Propeller angular speed [rpm],fitness,t075dD,tmin075dD,tal07R,cavLim,Vtip,Vtipmax,penalty,valid
0.7989980985286773,0.8551158889186682,0.7283596344180507,6,136.13847106617197,136.13847106617197,-136.13847106617197
history
-226.78450535913325,-226.78450535913325,-226.78450535913325,-226.78450535913325,-226.78450535913325,-226.78450535913325,-226.78450535913325,-226.78450535913325,-156.67827513072172,-156.67827513072172,-151.90891454253614,-142.15520096549375,-142.15520096549375,-142.15520096549375,-141.14634707171544,-139.03928244668106,-139.03928244668106,-139.03928244668106,-139.03928244668106,-137.29907592089089,-137.29907592089089,-137.29907592089089,-137.29907592089089,-137.29907592089089,-137.29907592089089,-137.29907592089089,-137.29907592089089,-137.29907592089089,-137.29907592089089,-137.29907592089089
solver Name,V_S,NPOPULATION,MAX_ITERATION,SEED
DE_mod,8.0,30,30,0
