D = propeller diameter [m],AEdAO = expanded area ratio,PdD = pitch ratio,Z = propeller's number of blades,P_B = power brake,n = Propeller angular speed [rpm],fitness,t075dD,tmin075dD,tal07R,cavLim,Vtip,Vtipmax,penalty,valid
0.8,1.05,0.7483663094784696,6,,,-172.97361010164562
history
-172.9983479237789,-172.9983479237789,-172.9983479237789,-172.9983479237789,-172.97361010164562,-172.97361010164562,-172.97361010164562,-172.97361010164562,-172.97361010164562,-172.97361010164562,-172.97361010164562,-172.97361010164562,-172.97361010164562,-172.97361010164562,-172.97361010164562,-172.97361010164562,-172.97361010164562,-172.97361010164562,-172.97361010164562,-172.97361010164562,-172.97361010164562,-172.97361010164562,-172.97361010164562,-172.97361010164562,-172.97361010164562,-172.97361010164562,-172.97361010164562,-172.97361010164562,-172.97361010164562,-172.97361010164562
solver Name,V_S,NPOPULATION,MAX_ITERATION,SEED
openaies,8.5,10,30,8
