D = propeller diameter [m],AEdAO = expanded area ratio,PdD = pitch ratio,Z = propeller's number of blades,P_B = power brake,n = Propeller angular speed [rpm],fitness,t075dD,tmin075dD,tal07R,cavLim,Vtip,Vtipmax,penalty,valid
0.7999431545911314,0.8108892214355671,0.6844506484708308,6,,,-135.58605182057707
history
-213.83312354187208,-144.55367957348253,-137.57484450692752,-137.57484450692752,-136.41576099155984,-135.80292768896567,-135.80292768896567,-135.80292768896567,-135.80292768896567,-135.80292768896567,-135.80292768896567,-135.80292768896567,-135.80292768896567,-135.80292768896567,-135.80292768896567,-135.80292768896567,-135.80292768896567,-135.7556331239243,-135.7556331239243,-135.7556331239243,-135.6098135581189,-135.6098135581189,-135.6098135581189,-135.6098135581189,-135.6098135581189,-135.6098135581189,-135.59839627908667,-135.5980501989122,-135.5980501989122,-135.58605182057707
