D = propeller diameter [m],AEdAO = expanded area ratio,PdD = pitch ratio,Z = propeller's number of blades,P_B = power brake,n = Propeller angular speed [rpm],fitness,t075dD,tmin075dD,tal07R,cavLim,Vtip,Vtipmax,penalty,valid
0.8,0.7284026715806962,0.6656324074185641,5,106.38206921869775,106.38206921869775,-106.38206921869775
history
-119.41724849672548,-119.41724849672548,-119.41724849672548,-113.04116102929002,-113.04116102929002,-113.04116102929002,-113.04116102929002,-110.25073080242414,-110.25073080242414,-110.25073080242414,-110.25073080242414,-110.25073080242414,-110.25073080242414,-106.65902900116424,-106.65902900116424,-106.65902900116424,-106.65902900116424,-106.65902900116424,-106.65902900116424,-106.65902900116424,-106.65902900116424,-106.65902900116424,-106.65902900116424,-106.65902900116424,-106.65902900116424,-106.65902900116424,-106.65902900116424,-106.63829264590596,-106.63829264590596,-106.63829264590596
solver Name,V_S,NPOPULATION,MAX_ITERATION,SEED
DE_mod,7.5,30,30,4
