D = propeller diameter [m],AEdAO = expanded area ratio,PdD = pitch ratio,Z = propeller's number of blades,P_B = power brake,n = Propeller angular speed [rpm],fitness,t075dD,tmin075dD,tal07R,cavLim,Vtip,Vtipmax,penalty,valid
0.8,0.9186492932536926,0.700466637371996,6,,,-169.72575243287002
history
-169.72575243287002,-169.72575243287002,-169.72575243287002,-169.72575243287002,-169.72575243287002,-169.72575243287002,-169.72575243287002,-169.72575243287002,-169.72575243287002,-169.72575243287002,-169.72575243287002,-169.72575243287002,-169.72575243287002,-169.72575243287002,-169.72575243287002,-169.72575243287002,-169.72575243287002,-169.72575243287002,-169.72575243287002,-169.72575243287002,-169.72575243287002,-169.72575243287002,-169.72575243287002,-169.72575243287002,-169.72575243287002,-169.72575243287002,-169.72575243287002,-169.72575243287002,-169.72575243287002,-169.72575243287002
solver Name,V_S,NPOPULATION,MAX_ITERATION,SEED
openaies,8.5,10,30,2
