D = propeller diameter [m],AEdAO = expanded area ratio,PdD = pitch ratio,Z = propeller's number of blades,P_B = power brake,n = Propeller angular speed [rpm],fitness,t075dD,tmin075dD,tal07R,cavLim,Vtip,Vtipmax,penalty,valid
0.8,0.8491459048786845,0.7375036095661847,6,,,-135.94713403824483
history
-178.3348250387764,-137.88038991065542,-135.94713403824483,-135.94713403824483,-135.94713403824483,-135.94713403824483,-135.94713403824483,-135.94713403824483,-135.94713403824483,-135.94713403824483,-135.94713403824483,-135.94713403824483,-135.94713403824483,-135.94713403824483,-135.94713403824483,-135.94713403824483,-135.94713403824483,-135.94713403824483,-135.94713403824483,-135.94713403824483,-135.94713403824483,-135.94713403824483,-135.94713403824483,-135.94713403824483,-135.94713403824483,-135.94713403824483,-135.94713403824483,-135.94713403824483,-135.94713403824483,-135.94713403824483
solver Name,V_S,NPOPULATION,MAX_ITERATION,SEED
openaies,8.0,10,30,9
