D = propeller diameter [m],AEdAO = expanded area ratio,PdD = pitch ratio,Z = propeller's number of blades,P_B = power brake,n = Propeller angular speed [rpm],fitness,t075dD,tmin075dD,tal07R,cavLim,Vtip,Vtipmax,penalty,valid
0.8,0.9648449904211107,0.7711424855298117,6,,,-170.90711865000017
history
-251.38526504093252,-233.81162257968555,-171.92650518378187,-170.954570469306,-170.90711865000017,-170.90711865000017,-170.90711865000017,-170.90711865000017,-170.90711865000017,-170.90711865000017,-170.90711865000017,-170.90711865000017,-170.90711865000017,-170.90711865000017,-170.90711865000017,-170.90711865000017,-170.90711865000017,-170.90711865000017,-170.90711865000017,-170.90711865000017,-170.90711865000017,-170.90711865000017,-170.90711865000017,-170.90711865000017,-170.90711865000017,-170.90711865000017,-170.90711865000017,-170.90711865000017,-170.90711865000017,-170.90711865000017
solver Name,V_S,NPOPULATION,MAX_ITERATION,SEED
openaies,8.5,10,30,3
