D = propeller diameter [m],AEdAO = expanded area ratio,PdD = pitch ratio,Z = propeller's number of blades,P_B = power brake,n = Propeller angular speed [rpm],fitness,t075dD,tmin075dD,tal07R,cavLim,Vtip,Vtipmax,penalty,valid
0.8,0.7196185425642778,0.6740251543704656,6,106.51123709449828,106.51123709449828,-106.51123709449828
history
-159.912524852555,-159.912524852555,-159.912524852555,-134.09032094647554,-133.69258280874436,-133.69258280874436,-133.68988883530585,-133.68988883530585,-133.68988883530585,-133.68988883530585,-133.68988883530585,-133.68988883530585,-126.83935445487096,-126.83935445487096,-126.83935445487096,-112.2041977108337,-110.4003118977746,-110.4003118977746,-110.4003118977746,-110.4003118977746,-110.4003118977746,-109.88238503687126,-109.88238503687126,-109.88238503687126,-107.2838375764316,-107.2838375764316,-107.2838375764316,-107.2838375764316,-107.2838375764316,-107.2838375764316
solver Name,V_S,NPOPULATION,MAX_ITERATION,SEED
DE,7.5,30,30,9
