D = propeller diameter [m],AEdAO = expanded area ratio,PdD = pitch ratio,Z = propeller's number of blades,P_B = power brake,n = Propeller angular speed [rpm],fitness,t075dD,tmin075dD,tal07R,cavLim,Vtip,Vtipmax,penalty,valid
0.8,0.8142625118433746,0.7009184561388062,5,,,-135.79456772697017
history
-497.5820801450013,-176.96018549087012,-176.96018549087012,-135.79456772697017,-135.79456772697017,-135.79456772697017,-135.79456772697017,-135.79456772697017,-135.79456772697017,-135.79456772697017,-135.79456772697017,-135.79456772697017,-135.79456772697017,-135.79456772697017,-135.79456772697017,-135.79456772697017,-135.79456772697017,-135.79456772697017,-135.79456772697017,-135.79456772697017
