D = propeller diameter [m],AEdAO = expanded area ratio,PdD = pitch ratio,Z = propeller's number of blades,P_B = power brake,n = Propeller angular speed [rpm],fitness,t075dD,tmin075dD,tal07R,cavLim,Vtip,Vtipmax,penalty,valid
0.8,0.8446697176637942,0.7073469422657258,6,135.8793009244961,135.8793009244961,-135.8793009244961
history
-166.70966978352246,-166.70966978352246,-166.70966978352246,-166.70966978352246,-166.70966978352246,-166.70966978352246,-166.70966978352246,-166.70966978352246,-166.70966978352246,-166.70966978352246,-136.87139963736678,-136.54386836656687,-136.54386836656687,-136.54386836656687,-136.54386836656687,-136.54386836656687,-136.54386836656687,-136.54386836656687,-136.54386836656687,-136.54386836656687,-136.54386836656687,-136.54386836656687,-136.54386836656687,-136.54386836656687,-136.54386836656687,-136.54386836656687,-136.54386836656687,-136.54386836656687,-136.54386836656687,-136.54386836656687
solver Name,V_S,NPOPULATION,MAX_ITERATION,SEED
DE_mod,8.0,30,30,3
