D = propeller diameter [m],AEdAO = expanded area ratio,PdD = pitch ratio,Z = propeller's number of blades,P_B = power brake,n = Propeller angular speed [rpm],fitness,t075dD,tmin075dD,tal07R,cavLim,Vtip,Vtipmax,penalty,valid
0.8,0.6380084967893539,0.6713862888936256,5,81.42439272712464,81.42439272712464,-81.42439272712464
history
-107.61348587397188,-107.61348587397188,-107.61348587397188,-107.61348587397188,-85.99910053474987,-85.85097561236527,-85.85097561236527,-85.85097561236527,-85.85097561236527,-85.85097561236527,-85.85097561236527,-85.85097561236527,-85.85097561236527,-85.85097561236527,-85.85097561236527,-85.85097561236527,-82.26053601742727,-82.26053601742727,-82.26053601742727,-82.26053601742727,-82.26053601742727,-82.26053601742727,-82.26053601742727,-82.26053601742727,-82.26053601742727,-82.26053601742727,-82.26053601742727,-82.26053601742727,-82.26053601742727,-82.26053601742727
solver Name,V_S,NPOPULATION,MAX_ITERATION,SEED
DE_mod,7.0,30,30,8
