D = propeller diameter [m],AEdAO = expanded area ratio,PdD = pitch ratio,Z = propeller's number of blades,P_B = power brake,n = Propeller angular speed [rpm],fitness,t075dD,tmin075dD,tal07R,cavLim,Vtip,Vtipmax,penalty,valid
0.8,0.8029287780206347,0.738142909819808,6,,,-106.84029584472361
history
-270.11176516666706,-170.68223367732708,-122.99826649238953,-106.84029584472361,-106.84029584472361,-106.84029584472361,-106.84029584472361,-106.84029584472361,-106.84029584472361,-106.84029584472361,-106.84029584472361,-106.84029584472361,-106.84029584472361,-106.84029584472361,-106.84029584472361,-106.84029584472361,-106.84029584472361,-106.84029584472361,-106.84029584472361,-106.84029584472361,-106.84029584472361,-106.84029584472361,-106.84029584472361,-106.84029584472361,-106.84029584472361,-106.84029584472361,-106.84029584472361,-106.84029584472361,-106.84029584472361,-106.84029584472361
solver Name,V_S,NPOPULATION,MAX_ITERATION,SEED
openaies,7.5,10,30,7
