D = propeller diameter [m],AEdAO = expanded area ratio,PdD = pitch ratio,Z = propeller's number of blades,P_B = power brake,n = Propeller angular speed [rpm],fitness,t075dD,tmin075dD,tal07R,cavLim,Vtip,Vtipmax,penalty,valid
0.8,0.9491310379667712,0.737505071670717,5,170.89345131647454,170.89345131647454,-170.89345131647454
history
-173.66266613762625,-173.66266613762625,-173.66266613762625,-173.66266613762625,-173.66266613762625,-173.66266613762625,-173.66266613762625,-173.66266613762625,-173.66266613762625,-173.66266613762625,-173.66266613762625,-173.66266613762625,-173.66266613762625,-173.66266613762625,-173.66266613762625,-173.66266613762625,-173.66266613762625,-173.66266613762625,-173.66266613762625,-173.66266613762625,-173.66266613762625,-173.66266613762625,-173.66266613762625,-173.66266613762625,-173.66266613762625,-173.66266613762625,-173.66266613762625,-173.66266613762625,-173.66266613762625,-173.66266613762625
solver Name,V_S,NPOPULATION,MAX_ITERATION,SEED
DE_mod,8.5,30,30,7
