D = propeller diameter [m],AEdAO = expanded area ratio,PdD = pitch ratio,Z = propeller's number of blades,P_B = power brake,n = Propeller angular speed [rpm],fitness,t075dD,tmin075dD,tal07R,cavLim,Vtip,Vtipmax,penalty,valid
0.7999670059582558,0.9017246893813945,0.6842704311915722,6,,,-169.49060639175693,
history
-180.3169522199061,-178.201481300832,-178.201481300832,-172.0926745596914,-172.0926745596914,-172.0926745596914,-172.0926745596914,-170.95891874496965,-170.2213071429319,-170.2213071429319,-170.2213071429319,-170.2213071429319,-169.88519671875534,-169.88519671875534,-169.88519671875534,-169.88519671875534,-169.88519671875534,-169.6382606760062,-169.6382606760062,-169.61341023875048,-169.61341023875048,-169.61341023875048,-169.61341023875048,-169.53313937245338,-169.50049750103,-169.50049750103,-169.50049750103,-169.50049750103,-169.50049750103,-169.49060639175693
