D = propeller diameter [m],AEdAO = expanded area ratio,PdD = pitch ratio,Z = propeller's number of blades,P_B = power brake,n = Propeller angular speed [rpm],fitness,t075dD,tmin075dD,tal07R,cavLim,Vtip,Vtipmax,penalty,valid
0.8,0.9202034456604751,0.6897998286980542,6,,,-169.8253528245399
history
-504.15804344936373,-400.9701036142219,-286.7455925232177,-238.76903965197934,-196.3397640642618,-172.07885218315175,-169.8253528245399,-169.8253528245399,-169.8253528245399,-169.8253528245399,-169.8253528245399,-169.8253528245399,-169.8253528245399,-169.8253528245399,-169.8253528245399,-169.8253528245399,-169.8253528245399,-169.8253528245399,-169.8253528245399,-169.8253528245399,-169.8253528245399,-169.8253528245399,-169.8253528245399,-169.8253528245399,-169.8253528245399,-169.8253528245399,-169.8253528245399,-169.8253528245399,-169.8253528245399,-169.8253528245399
solver Name,V_S,NPOPULATION,MAX_ITERATION,SEED
openaies,8.5,10,30,7
