D = propeller diameter [m],AEdAO = expanded area ratio,PdD = pitch ratio,Z = propeller's number of blades,P_B = power brake,n = Propeller angular speed [rpm],fitness,t075dD,tmin075dD,tal07R,cavLim,Vtip,Vtipmax,penalty,valid
0.8,0.8042196103199223,0.6710896691250829,6,,,-135.62497448193412
history
-343.80871672856426,-214.31832914759966,-136.24284911587253,-136.20920653828395,-136.20920653828395,-136.20920653828395,-135.62497448193412,-135.62497448193412,-135.62497448193412,-135.62497448193412,-135.62497448193412,-135.62497448193412,-135.62497448193412,-135.62497448193412,-135.62497448193412,-135.62497448193412,-135.62497448193412,-135.62497448193412,-135.62497448193412,-135.62497448193412,-135.62497448193412,-135.62497448193412,-135.62497448193412,-135.62497448193412,-135.62497448193412,-135.62497448193412,-135.62497448193412,-135.62497448193412,-135.62497448193412,-135.62497448193412
