D = propeller diameter [m],AEdAO = expanded area ratio,PdD = pitch ratio,Z = propeller's number of blades,P_B = power brake,n = Propeller angular speed [rpm],fitness,t075dD,tmin075dD,tal07R,cavLim,Vtip,Vtipmax,penalty,valid
0.7965063067047741,0.738410625326712,0.684943151446303,5,106.78547280520722,106.78547280520722,-106.78547280520722
history
-190.9772134680667,-190.9772134680667,-190.9772134680667,-190.9772134680667,-190.9772134680667,-190.9772134680667,-190.9772134680667,-190.9772134680667,-190.9772134680667,-131.27658506911396,-131.27658506911396,-131.27658506911396,-131.27658506911396,-123.62390868241395,-123.62390868241395,-118.85892176466204,-116.56542785875484,-116.56542785875484,-116.56542785875484,-112.28585327378686,-112.28585327378686,-112.28585327378686,-112.28585327378686,-110.00631730683332,-110.00631730683332,-110.00631730683332,-109.87882975988455,-109.4564243149724,-109.4564243149724,-109.4564243149724
solver Name,V_S,NPOPULATION,MAX_ITERATION,SEED
DE_mod,7.5,30,30,1
