D = propeller diameter [m],AEdAO = expanded area ratio,PdD = pitch ratio,Z = propeller's number of blades,P_B = power brake,n = Propeller angular speed [rpm],fitness,t075dD,tmin075dD,tal07R,cavLim,Vtip,Vtipmax,penalty,valid
0.8,0.7102397155280431,0.6536707864279678,5,106.29929587960657,106.29929587960657,-106.29929587960657
history
-152.72638233821775,-152.72638233821775,-152.72638233821775,-152.72638233821775,-152.72638233821775,-152.72638233821775,-152.72638233821775,-152.72638233821775,-152.72638233821775,-152.72638233821775,-152.72638233821775,-152.72638233821775,-152.72638233821775,-152.72638233821775,-152.72638233821775,-152.72638233821775,-152.72638233821775,-152.72638233821775,-152.72638233821775,-152.72638233821775,-152.72638233821775,-152.72638233821775,-152.72638233821775,-152.72638233821775,-152.72638233821775,-152.72638233821775,-152.72638233821775,-152.72638233821775,-152.72638233821775,-152.72638233821775
solver Name,V_S,NPOPULATION,MAX_ITERATION,SEED
DE,7.5,30,30,3
