D = propeller diameter [m],AEdAO = expanded area ratio,PdD = pitch ratio,Z = propeller's number of blades,P_B = power brake,n = Propeller angular speed [rpm],fitness,t075dD,tmin075dD,tal07R,cavLim,Vtip,Vtipmax,penalty,valid
0.8,0.8265186250390977,0.6978001808435667,6,,,-135.68697970312095
history
-137.0894649804208,-136.29918131171053,-136.19370915039454,-136.19370915039454,-136.19370915039454,-136.19370915039454,-136.19370915039454,-136.19370915039454,-136.19370915039454,-136.19370915039454,-136.19370915039454,-135.82628255860115,-135.82628255860115,-135.82628255860115,-135.82628255860115,-135.82628255860115,-135.82628255860115,-135.82628255860115,-135.82628255860115,-135.82628255860115,-135.82628255860115,-135.82628255860115,-135.82628255860115,-135.82628255860115,-135.82628255860115,-135.82628255860115,-135.82628255860115,-135.82628255860115,-135.82628255860115,-135.82628255860115,-135.82628255860115,-135.82628255860115,-135.82628255860115,-135.82628255860115,-135.82628255860115,-135.82628255860115,-135.82628255860115,-135.82628255860115,-135.68697970312095,-135.68697970312095
