D = propeller diameter [m],AEdAO = expanded area ratio,PdD = pitch ratio,Z = propeller's number of blades,P_B = power brake,n = Propeller angular speed [rpm],fitness,t075dD,tmin075dD,tal07R,cavLim,Vtip,Vtipmax,penalty,valid
0.8,1.05,0.7518623311100643,6,,,-139.6098022070484
history
-202.11871496175462,-151.59040787185225,-140.7672380020143,-140.00010459514945,-139.6739492140711,-139.62188911817137,-139.62188911817137,-139.62188911817137,-139.62188911817137,-139.62188911817137,-139.62188911817137,-139.62188911817137,-139.62188911817137,-139.62188911817137,-139.62188911817137,-139.62188911817137,-139.62188911817137,-139.61925979216417,-139.61295541462522,-139.61295541462522,-139.6098022070484,-139.6098022070484,-139.6098022070484,-139.6098022070484,-139.6098022070484,-139.6098022070484,-139.6098022070484,-139.6098022070484,-139.6098022070484,-139.6098022070484
solver Name,V_S,NPOPULATION,MAX_ITERATION,SEED
openaies,8.0,10,30,5
