D = propeller diameter [m],AEdAO = expanded area ratio,PdD = pitch ratio,Z = propeller's number of blades,P_B = power brake,n = Propeller angular speed [rpm],fitness,t075dD,tmin075dD,tal07R,cavLim,Vtip,Vtipmax,penalty,valid
0.8,0.8928323186532625,0.7180070866528616,6,,,-136.529866613362
history
-165.62643017781312,-136.6833547378203,-136.6833547378203,-136.6833547378203,-136.6833547378203,-136.529866613362,-136.529866613362,-136.529866613362,-136.529866613362,-136.529866613362,-136.529866613362,-136.529866613362,-136.529866613362,-136.529866613362,-136.529866613362,-136.529866613362,-136.529866613362,-136.529866613362,-136.529866613362,-136.529866613362,-136.529866613362,-136.529866613362,-136.529866613362,-136.529866613362,-136.529866613362,-136.529866613362,-136.529866613362,-136.529866613362,-136.529866613362,-136.529866613362
