D = propeller diameter [m],AEdAO = expanded area ratio,PdD = pitch ratio,Z = propeller's number of blades,P_B = power brake,n = Propeller angular speed [rpm],fitness,t075dD,tmin075dD,tal07R,cavLim,Vtip,Vtipmax,penalty,valid
0.8,0.7095819966529359,0.6644708945679667,5,,,-106.23281750276168
history
-112.69959354682858,-109.733735695034,-108.2701404735422,-107.58553476391383,-107.58553476391383,-107.58553476391383,-107.37180221988606,-107.37180221988606,-107.37180221988606,-107.30770512778562,-107.30770512778562,-106.5055425476602,-106.5055425476602,-106.5055425476602,-106.5055425476602,-106.5055425476602,-106.5055425476602,-106.23281750276168,-106.23281750276168,-106.23281750276168,-106.23281750276168,-106.23281750276168,-106.23281750276168,-106.23281750276168,-106.23281750276168,-106.23281750276168,-106.23281750276168,-106.23281750276168,-106.23281750276168,-106.23281750276168
