D = propeller diameter [m],AEdAO = expanded area ratio,PdD = pitch ratio,Z = propeller's number of blades,P_B = power brake,n = Propeller angular speed [rpm],fitness,t075dD,tmin075dD,tal07R,cavLim,Vtip,Vtipmax,penalty,valid
0.7999267571336378,0.7031354714767833,0.6607673028467624,5,,,-106.2063215133552
history
-114.58042299529026,-111.64948455801172,-109.84271869376377,-107.80884748767747,-107.80884748767747,-107.41184277854373,-107.24360685963475,-106.48688096822242,-106.48688096822242,-106.4383436347424,-106.4383436347424,-106.4383436347424,-106.4383436347424,-106.4383436347424,-106.33491630006182,-106.33491630006182,-106.33491630006182,-106.33235457454774,-106.22998566368953,-106.22998566368953,-106.22998566368953,-106.2063215133552,-106.2063215133552,-106.2063215133552,-106.2063215133552,-106.2063215133552,-106.2063215133552,-106.2063215133552,-106.2063215133552,-106.2063215133552
