D = propeller diameter [m],AEdAO = expanded area ratio,PdD = pitch ratio,Z = propeller's number of blades,P_B = power brake,n = Propeller angular speed [rpm],fitness,t075dD,tmin075dD,tal07R,cavLim,Vtip,Vtipmax,penalty,valid
0.799966654411696,0.6356272056821545,0.6718983727009924,5,,,-81.41431841802442
history
-117.58318650938897,-92.06940539006821,-86.14566065616393,-83.91486366856657,-83.90984563489108,-83.90984563489108,-83.90984563489108,-83.38899174030686,-83.38899174030686,-82.19315540174904,-82.19315540174904,-81.77301885238334,-81.77301885238334,-81.77301885238334,-81.77301885238334,-81.5274033621385,-81.5274033621385,-81.5029194421733,-81.5029194421733,-81.5029194421733,-81.47577653238767,-81.47332344309166,-81.42920565442051,-81.41666013801445,-81.41666013801445,-81.41666013801445,-81.41666013801445,-81.41666013801445,-81.41666013801445,-81.41431841802442
solver Name,V_S,NPOPULATION,MAX_ITERATION,SEED
cmaes,7.0,10,30,1
