D = propeller diameter [m],AEdAO = expanded area ratio,PdD = pitch ratio,Z = propeller's number of blades,P_B = power brake,n = Propeller angular speed [rpm],fitness,t075dD,tmin075dD,tal07R,cavLim,Vtip,Vtipmax,penalty,valid
0.8,0.7797875833745371,0.672849848693547,6,106.84146799062091,106.84146799062091,-106.84146799062091
history
-146.43572160615136,-146.43572160615136,-146.43572160615136,-146.43572160615136,-146.43572160615136,-146.43572160615136,-146.43572160615136,-146.43572160615136,-146.43572160615136,-146.43572160615136,-146.43572160615136,-109.92611447277596,-109.92611447277596,-109.92611447277596,-109.92611447277596,-109.92611447277596,-109.92611447277596,-109.32333940383931,-109.32333940383931,-109.32333940383931,-109.32333940383931,-109.32333940383931,-109.32333940383931,-109.32333940383931,-109.32333940383931,-109.32333940383931,-109.32333940383931,-109.02659188312768,-109.02659188312768,-109.02659188312768
solver Name,V_S,NPOPULATION,MAX_ITERATION,SEED
DE,7.5,30,30,7
