D = propeller diameter [m],AEdAO = expanded area ratio,PdD = pitch ratio,Z = propeller's number of blades,P_B = power brake,n = Propeller angular speed [rpm],fitness,t075dD,tmin075dD,tal07R,cavLim,Vtip,Vtipmax,penalty,valid
0.8,0.9124616472191992,0.7083740200450757,5,,,-170.11293627876563,
history
-173.86870455042097,-172.08235705284196,-172.08235705284196,-170.92282190589785,-170.92282190589785,-170.6090472186508,-170.11293627876563,-170.11293627876563,-170.11293627876563,-170.11293627876563,-170.11293627876563,-170.11293627876563,-170.11293627876563,-170.11293627876563,-170.11293627876563,-170.11293627876563,-170.11293627876563,-170.11293627876563,-170.11293627876563,-170.11293627876563,-170.11293627876563,-170.11293627876563,-170.11293627876563,-170.11293627876563,-170.11293627876563,-170.11293627876563,-170.11293627876563,-170.11293627876563,-170.11293627876563,-170.11293627876563
