D = propeller diameter [m],AEdAO = expanded area ratio,PdD = pitch ratio,Z = propellers number of blades,P_B = power brake,n = Propeller angular speed [rpm],fitness
0.631577,0.687572,0.565319,7,207.369438,1522.664122,-207.369438
history
-207.369438,-207.369438,-207.369438,-207.369438,-207.369438,-207.369438,-207.369438,-207.369438,-207.369438,-207.369438,-207.369438,-207.369438,-207.369438,-207.369438,-207.369438,-207.369438,-207.369438,-207.369438,-207.369438,-199.94507,-199.94507,-199.94507,-192.82049,-192.82049,-192.82049,-192.82049,-192.82049,-188.844487,-188.844487,-188.844487
