D = propeller diameter [m],AEdAO = expanded area ratio,PdD = pitch ratio,Z = propellers number of blades,P_B = power brake,n = Propeller angular speed [rpm],fitness
0.580668,0.706911,0.5016,2,251.140993,2187.736223,-251.140993
history
-251.140993,-251.140993,-251.140993,-251.140993,-251.140993,-251.140993,-251.140993,-251.140993,-251.140993,-251.140993,-251.140993,-251.140993,-251.140993,-251.140993,-251.140993,-251.140993,-251.140993,-251.140993,-251.140993,-251.140993,-251.140993,-251.140993,-251.140993,-251.140993,-195.907417,-182.133223,-182.133223,-182.133223,-182.133223,-182.133223
