D = propeller diameter [m],AEdAO = expanded area ratio,PdD = pitch ratio,Z = propellers number of blades,P_B = power brake,n = Propeller angular speed [rpm],fitness,,,,,,,,,,,,,,,,,,,,,,,
0.799853,0.887975,0.6595404,6,169.570569,917.122165,-169.570569,,,,,,,,,,,,,,,,,,,,,,,
history,,,,,,,,,,,,,,,,,,,,,,,,,,,,,
-173.83578,-173.83578,-173.83578,-173.83578,-173.83578,-173.83578,-173.83578,-173.83578,-173.83578,-173.83578,-173.83578,-173.83578,-173.83578,-173.83578,-173.83578,-173.83578,-173.83578,-173.83578,-173.83578,-173.83578,-173.83578,-173.83578,-173.83578,-173.83578,-173.83578,-171.538119,-169.570569,-169.570569,-169.570569,-169.570569
