D = propeller diameter [m],AEdAO = expanded area ratio,PdD = pitch ratio,Z = propellers number of blades,P_B = power brake,n = Propeller angular speed [rpm],fitness
0.77216,0.599886,0.525731,3,179.046563,1199.517831,-179.046563
history
-179.046563,-179.046563,-179.046563,-179.046563,-179.046563,-179.046563,-179.046563,-179.046563,-179.046563,-179.046563,-179.046563,-179.046563,-179.046563,-179.046563,-179.046563,-179.046563,-179.046563,-179.046563,-179.046563,-179.046563,-179.046563,-179.046563,-179.046563,-179.046563,-179.046563,-179.046563,-179.046563,-179.046563,-179.046563,-179.046563
