D = propeller diameter [m],AEdAO = expanded area ratio,PdD = pitch ratio,Z = propellers number of blades,P_B = power brake,n = Propeller angular speed [rpm],fitness
0.722804,0.925121,1.314139,3,217.198593,712.856904,-217.198593
history
-217.198593,-217.198593,-217.198593,-217.198593,-217.198593,-217.198593,-217.198593,-217.198593,-174.342009,-174.342009,-174.342009,-174.342009,-174.342009,-174.342009,-174.342009,-174.342009,-174.342009,-174.342009,-174.342009,-174.342009,-174.342009,-174.342009,-174.342009,-174.342009,-174.342009,-174.342009,-174.342009,-174.342009,-174.342009,-174.342009
