D = propeller diameter [m],AEdAO = expanded area ratio,PdD = pitch ratio,Z = propellers number of blades,P_B = power brake,n = Propeller angular speed [rpm],fitness
0.8,0.961739,0.701309,6,170.710989,875.124041,-170.710989
history
-228.888297,-228.888297,-228.888297,-228.888297,-228.888297,-228.888297,-228.888297,-189.468144,-189.468144,-182.572879,-182.572879,-173.96318,-173.96318,-173.96318,-173.96318,-173.25638,-173.25638,-173.25638,-173.25638,-172.746569,-172.746569,-172.746569,-172.746569,-172.746569,-170.710989,-170.710989,-170.710989,-170.710989,-170.710989,-170.710989
