D = propeller diameter [m],AEdAO = expanded area ratio,PdD = pitch ratio,Z = propeller's number of blades,P_B = power brake,n = Propeller angular speed [rpm],fitness,t075dD,tmin075dD,tal07R,cavLim,Vtip,Vtipmax,penalty,valid,,,,,,,,,,,,,,,
0.7999556040975598,0.8809289945308332,0.6650675057811446,5,169.82844986954456,,-169.82844986954456,,,,,,,,,,,,,,,,,,,,,,,
history,,,,,,,,,,,,,,,,,,,,,,,,,,,,,
-174.57945640852947,-173.53559157168468,-173.53559157168468,-172.81337685359793,-172.81337685359793,-172.81337685359793,-172.81337685359793,-172.81337685359793,-172.81337685359793,-172.81337685359793,-172.81337685359793,-172.27405767203746,-172.27405767203746,-172.1201391824445,-171.65156541010148,-170.38164926625188,-170.1896505969502,-170.1896505969502,-169.9272813356735,-169.9272813356735,-169.90884851734873,-169.90884851734873,-169.90884851734873,-169.89863535065643,-169.89863535065643,-169.89084809578856,-169.82844986954456,-169.82844986954456,-169.82844986954456,-169.82844986954456
