D = propeller diameter [m],AEdAO = expanded area ratio,PdD = pitch ratio,Z = propeller's number of blades,P_B = power brake,n = Propeller angular speed [rpm],fitness,t075dD,tmin075dD,tal07R,cavLim,Vtip,Vtipmax,penalty,valid,,,,,,,,,,,,,,,
0.7999822386270994,0.9204869539381163,0.7015777236830328,6,169.75944371669038,,-169.75944371669038,,,,,,,,,,,,,,,,,,,,,,,
history,,,,,,,,,,,,,,,,,,,,,,,,,,,,,
-220.80764205881707,-194.3931001955576,-173.37137097852252,-173.37137097852252,-172.27237377094616,-172.27237377094616,-172.27237377094616,-172.27237377094616,-172.27237377094616,-172.27237377094616,-172.27237377094616,-172.23616991063844,-172.23616991063844,-171.91007043329435,-171.5479668469301,-171.43501348310627,-170.74951299409938,-170.74951299409938,-170.74951299409938,-170.4728389841329,-170.2861798675073,-170.24970293337864,-170.17591899591665,-169.94382551193942,-169.94382551193942,-169.77325743390787,-169.77325743390787,-169.77325743390787,-169.77325743390787,-169.75944371669038
