D = propeller diameter [m],AEdAO = expanded area ratio,PdD = pitch ratio,Z = propeller's number of blades,P_B = power brake,n = Propeller angular speed [rpm],fitness,t075dD,tmin075dD,tal07R,cavLim,Vtip,Vtipmax,penalty,valid,,,,,,,,,,,,,,,
0.7997942562219102,0.9116119108805749,0.6936743315158727,5,170.2116871061574,,-170.2116871061574,,,,,,,,,,,,,,,,,,,,,,,
history,,,,,,,,,,,,,,,,,,,,,,,,,,,,,
-442.4374843325817,-293.6575254835187,-227.96247418906196,-174.4474872612022,-174.4474872612022,-174.4474872612022,-174.4474872612022,-174.22677048048914,-174.22677048048914,-174.22677048048914,-174.22677048048914,-173.42291710878672,-171.9847964047371,-171.9847964047371,-171.9847964047371,-171.64509608742637,-171.64509608742637,-170.99443322784643,-170.73650854289227,-170.73650854289227,-170.73650854289227,-170.73650854289227,-170.73650854289227,-170.73650854289227,-170.73650854289227,-170.73650854289227,-170.45850128330733,-170.45850128330733,-170.45850128330733,-170.2116871061574
