D = propeller diameter [m],AEdAO = expanded area ratio,PdD = pitch ratio,Z = propeller's number of blades,P_B = power brake,n = Propeller angular speed [rpm],fitness,t075dD,tmin075dD,tal07R,cavLim,Vtip,Vtipmax,penalty,valid
0.8,0.6178519579655446,0.6404827500955652,5,,,-81.48231732247352,
history
-111.54408268969023,-88.56278640415421,-84.72217639382038,-84.15944406541124,-83.31240996857723,-82.61996766142471,-82.61996766142471,-82.61996766142471,-82.61996766142471,-82.61996766142471,-82.61996766142471,-82.22407832671519,-82.22407832671519,-81.77723093946534,-81.64315042483823,-81.64315042483823,-81.59314007679782,-81.54474970934268,-81.54474970934268,-81.54474970934268,-81.54474970934268,-81.54474970934268,-81.54474970934268,-81.54474970934268,-81.54474970934268,-81.48231732247352,-81.48231732247352,-81.48231732247352,-81.48231732247352,-81.48231732247352
