D = propeller diameter [m],AEdAO = expanded area ratio,PdD = pitch ratio,Z = propeller's number of blades,P_B = power brake,n = Propeller angular speed [rpm],fitness,t075dD,tmin075dD,tal07R,cavLim,Vtip,Vtipmax,penalty,valid
0.8,0.9490366209319547,0.7133064391234635,6,,,-170.3500434634853
history
-262.9296048379944,-210.70525674058138,-172.43572156133652,-171.9268000522877,-170.3500434634853,-170.3500434634853,-170.3500434634853,-170.3500434634853,-170.3500434634853,-170.3500434634853,-170.3500434634853,-170.3500434634853,-170.3500434634853,-170.3500434634853,-170.3500434634853,-170.3500434634853,-170.3500434634853,-170.3500434634853,-170.3500434634853,-170.3500434634853,-170.3500434634853,-170.3500434634853,-170.3500434634853,-170.3500434634853,-170.3500434634853,-170.3500434634853,-170.3500434634853,-170.3500434634853,-170.3500434634853,-170.3500434634853
