D = propeller diameter [m],AEdAO = expanded area ratio,PdD = pitch ratio,Z = propeller's number of blades,P_B = power brake,n = Propeller angular speed [rpm],fitness,t075dD,tmin075dD,tal07R,cavLim,Vtip,Vtipmax,penalty,valid
0.8,0.8132715861419556,0.6986749469135134,5,,,-135.78147518192213
history
-429.4057789148622,-273.40039164565064,-169.01501363057451,-137.77945122352062,-136.737450918938,-135.78147518192213,-135.78147518192213,-135.78147518192213,-135.78147518192213,-135.78147518192213,-135.78147518192213,-135.78147518192213,-135.78147518192213,-135.78147518192213,-135.78147518192213,-135.78147518192213,-135.78147518192213,-135.78147518192213,-135.78147518192213,-135.78147518192213
