D = propeller diameter [m],AEdAO = expanded area ratio,PdD = pitch ratio,Z = propeller's number of blades,P_B = power brake,n = Propeller angular speed [rpm],fitness,t075dD,tmin075dD,tal07R,cavLim,Vtip,Vtipmax,penalty,valid
0.8,0.8321535122640193,0.7229009347348497,5,107.36316582631046,107.36316582631046,-107.36316582631046
history
-154.9518544249964,-154.9518544249964,-154.9518544249964,-154.9518544249964,-154.9518544249964,-154.9518544249964,-154.9518544249964,-154.9518544249964,-154.9518544249964,-154.9518544249964,-154.9518544249964,-154.9518544249964,-154.9518544249964,-154.9518544249964,-154.9518544249964,-154.9518544249964,-154.9518544249964,-154.9518544249964,-154.9518544249964,-154.9518544249964,-154.9518544249964,-154.9518544249964,-154.9518544249964,-154.9518544249964,-154.9518544249964,-154.9518544249964,-154.9518544249964,-154.9518544249964,-154.9518544249964,-154.9518544249964
solver Name,V_S,NPOPULATION,MAX_ITERATION,SEED
DE,7.5,30,30,2
