D = propeller diameter [m],AEdAO = expanded area ratio,PdD = pitch ratio,Z = propeller's number of blades,P_B = power brake,n = Propeller angular speed [rpm],fitness,t075dD,tmin075dD,tal07R,cavLim,Vtip,Vtipmax,penalty,valid
0.8,0.9974364515649423,0.740684772070098,6,171.51058487143686,171.51058487143686,-171.51058487143686
history
-265.765369602874,-265.765369602874,-240.8360486563768,-240.8360486563768,-240.8360486563768,-240.8360486563768,-240.8360486563768,-211.5910407734225,-211.5910407734225,-211.5910407734225,-211.5910407734225,-211.5910407734225,-211.5910407734225,-211.5910407734225,-211.5910407734225,-182.11860443821527,-173.6018447487063,-173.6018447487063,-173.6018447487063,-173.6018447487063,-173.6018447487063,-173.6018447487063,-173.6018447487063,-173.6018447487063,-173.6018447487063,-173.6018447487063,-172.5622176399935,-172.5622176399935,-172.5622176399935,-172.5622176399935
solver Name,V_S,NPOPULATION,MAX_ITERATION,SEED
DE_mod,8.5,30,30,0
