D = propeller diameter [m],AEdAO = expanded area ratio,PdD = pitch ratio,Z = propeller's number of blades,P_B = power brake,n = Propeller angular speed [rpm],fitness,t075dD,tmin075dD,tal07R,cavLim,Vtip,Vtipmax,penalty,valid
0.8,0.8115056034174266,0.6787656277789247,6,135.63692493886813,135.63692493886813,-135.63692493886813
history
-162.8052278129241,-162.8052278129241,-162.8052278129241,-162.8052278129241,-162.8052278129241,-149.77455120152098,-149.77455120152098,-149.77455120152098,-149.77455120152098,-149.77455120152098,-149.77455120152098,-149.77455120152098,-149.77455120152098,-149.6059823056334,-149.6059823056334,-149.6059823056334,-137.40268269769936,-137.40268269769936,-137.40268269769936,-137.40268269769936,-137.40268269769936,-137.40268269769936,-137.40268269769936,-137.40268269769936,-137.40268269769936,-137.40268269769936,-137.40268269769936,-137.40268269769936,-137.40268269769936,-137.40268269769936
solver Name,V_S,NPOPULATION,MAX_ITERATION,SEED
DE_mod,8.0,30,30,4
