D = propeller diameter [m],AEdAO = expanded area ratio,PdD = pitch ratio,Z = propeller's number of blades,P_B = power brake,n = Propeller angular speed [rpm],fitness,t075dD,tmin075dD,tal07R,cavLim,Vtip,Vtipmax,penalty,valid
0.8,0.7912827435395133,0.7530125678068372,6,,,-106.80751822342354,
history
-113.15332782703025,-106.80751822342354,-106.80751822342354,-106.80751822342354,-106.80751822342354,-106.80751822342354,-106.80751822342354,-106.80751822342354,-106.80751822342354,-106.80751822342354,-106.80751822342354,-106.80751822342354,-106.80751822342354,-106.80751822342354,-106.80751822342354,-106.80751822342354,-106.80751822342354,-106.80751822342354,-106.80751822342354,-106.80751822342354,-106.80751822342354,-106.80751822342354,-106.80751822342354,-106.80751822342354,-106.80751822342354,-106.80751822342354,-106.80751822342354,-106.80751822342354,-106.80751822342354,-106.80751822342354
