D = propeller diameter [m],AEdAO = expanded area ratio,PdD = pitch ratio,Z = propeller's number of blades,P_B = power brake,n = Propeller angular speed [rpm],fitness,t075dD,tmin075dD,tal07R,cavLim,Vtip,Vtipmax,penalty,valid
0.8,0.7340523184808956,0.6892770951868071,5,106.38304836128957,106.38304836128957,-106.38304836128957
history
-157.8194906712602,-157.8194906712602,-157.8194906712602,-157.8194906712602,-157.8194906712602,-135.83959525049636,-135.83959525049636,-110.831796050333,-110.831796050333,-110.831796050333,-110.831796050333,-110.831796050333,-110.831796050333,-110.831796050333,-110.831796050333,-110.831796050333,-108.28619627373112,-108.28619627373112,-108.28619627373112,-108.28619627373112,-108.28619627373112,-108.28619627373112,-108.28619627373112,-108.28619627373112,-108.28619627373112,-108.28619627373112,-108.28619627373112,-107.19492139991128,-107.19492139991128,-106.97108125986202
solver Name,V_S,NPOPULATION,MAX_ITERATION,SEED
DE_mod,7.5,30,30,0
