D = propeller diameter [m],AEdAO = expanded area ratio,PdD = pitch ratio,Z = propeller's number of blades,P_B = power brake,n = Propeller angular speed [rpm],fitness,t075dD,tmin075dD,tal07R,cavLim,Vtip,Vtipmax,penalty,valid
0.8,0.7015284938736102,0.6803353361696683,5,,,-81.69876365516292
history
-86.77266989687473,-81.69876365516292,-81.69876365516292,-81.69876365516292,-81.69876365516292,-81.69876365516292,-81.69876365516292,-81.69876365516292,-81.69876365516292,-81.69876365516292,-81.69876365516292,-81.69876365516292,-81.69876365516292,-81.69876365516292,-81.69876365516292,-81.69876365516292,-81.69876365516292,-81.69876365516292,-81.69876365516292,-81.69876365516292,-81.69876365516292,-81.69876365516292,-81.69876365516292,-81.69876365516292,-81.69876365516292,-81.69876365516292,-81.69876365516292,-81.69876365516292,-81.69876365516292,-81.69876365516292
solver Name,V_S,NPOPULATION,MAX_ITERATION,SEED
openaies,7.0,10,30,9
