D = propeller diameter [m],AEdAO = expanded area ratio,PdD = pitch ratio,Z = propeller's number of blades,P_B = power brake,n = Propeller angular speed [rpm],fitness,t075dD,tmin075dD,tal07R,cavLim,Vtip,Vtipmax,penalty,valid
0.7999611217260014,0.7034907977210415,0.6621633680088023,5,,,-106.19921642347573
history
-255.86116672959304,-179.41324836037327,-122.31229185464947,-108.56292033689222,-106.79297996780582,-106.79297996780582,-106.79297996780582,-106.79297996780582,-106.79297996780582,-106.79297996780582,-106.79297996780582,-106.7508738973673,-106.73353108200006,-106.5140843057333,-106.3690510456094,-106.3690510456094,-106.3690510456094,-106.3233333835636,-106.25659045366211,-106.25659045366211,-106.25659045366211,-106.25659045366211,-106.23477223749482,-106.23477223749482,-106.22429138107196,-106.22429138107196,-106.19921642347573,-106.19921642347573,-106.19921642347573,-106.19921642347573
solver Name,V_S,NPOPULATION,MAX_ITERATION,SEED
cmaes,7.5,10,30,7
