D = propeller diameter [m],AEdAO = expanded area ratio,PdD = pitch ratio,Z = propeller's number of blades,P_B = power brake,n = Propeller angular speed [rpm],fitness,t075dD,tmin075dD,tal07R,cavLim,Vtip,Vtipmax,penalty,valid
0.7999999049864237,0.6343144533979216,0.6723267994338944,5,,,-81.40663515252598
history
-82.81614442589165,-81.86688269530077,-81.86688269530077,-81.86688269530077,-81.86688269530077,-81.86688269530077,-81.86688269530077,-81.86688269530077,-81.79261465001493,-81.55430683939299,-81.55430683939299,-81.47277748825044,-81.47277748825044,-81.45563552666104,-81.44289195965207,-81.42913048182642,-81.42528418585141,-81.42528418585141,-81.42333910443188,-81.42333910443188,-81.42333910443188,-81.41796788676201,-81.41472871822971,-81.41432133587016,-81.40825375959749,-81.40825375959749,-81.40825375959749,-81.40825375959749,-81.40700167012518,-81.40663515252598
solver Name,V_S,NPOPULATION,MAX_ITERATION,SEED
cmaes,7.0,10,30,2
