D = propeller diameter [m],AEdAO = expanded area ratio,PdD = pitch ratio,Z = propeller's number of blades,P_B = power brake,n = Propeller angular speed [rpm],fitness,t075dD,tmin075dD,tal07R,cavLim,Vtip,Vtipmax,penalty,valid
0.8,0.7149745251342389,0.675416096826309,5,106.24949627517888,106.24949627517888,-106.24949627517888
history
-116.25856633289354,-116.25856633289354,-114.72625232360144,-114.72625232360144,-114.72625232360144,-114.72625232360144,-114.72625232360144,-114.72625232360144,-114.72625232360144,-114.72625232360144,-114.72625232360144,-114.72625232360144,-112.86908859957953,-109.25427433838136,-109.25427433838136,-109.25427433838136,-109.25427433838136,-106.77773734235284,-106.77773734235284,-106.77773734235284,-106.77773734235284,-106.77773734235284,-106.77773734235284,-106.77773734235284,-106.77773734235284,-106.77773734235284,-106.77773734235284,-106.77773734235284,-106.77773734235284,-106.77773734235284
solver Name,V_S,NPOPULATION,MAX_ITERATION,SEED
DE_mod,7.5,30,30,2
