D = propeller diameter [m],AEdAO = expanded area ratio,PdD = pitch ratio,Z = propeller's number of blades,P_B = power brake,n = Propeller angular speed [rpm],fitness,t075dD,tmin075dD,tal07R,cavLim,Vtip,Vtipmax,penalty,valid
0.8,0.8804709361689977,0.7302008418033742,6,,,-136.35191559706718
history
-186.2588452362003,-174.40789116078562,-146.1449172051217,-137.4393933629404,-137.4393933629404,-136.35191559706718,-136.35191559706718,-136.35191559706718,-136.35191559706718,-136.35191559706718,-136.35191559706718,-136.35191559706718,-136.35191559706718,-136.35191559706718,-136.35191559706718,-136.35191559706718,-136.35191559706718,-136.35191559706718,-136.35191559706718,-136.35191559706718,-136.35191559706718,-136.35191559706718,-136.35191559706718,-136.35191559706718,-136.35191559706718,-136.35191559706718,-136.35191559706718,-136.35191559706718,-136.35191559706718,-136.35191559706718
