D = propeller diameter [m],AEdAO = expanded area ratio,PdD = pitch ratio,Z = propeller's number of blades,P_B = power brake,n = Propeller angular speed [rpm],fitness,t075dD,tmin075dD,tal07R,cavLim,Vtip,Vtipmax,penalty,valid
0.7999497824411786,0.8106002441486376,0.6820368459288696,6,,,-135.59573907436723
history
-142.29554488701797,-138.6249471585179,-138.6249471585179,-138.6249471585179,-138.6249471585179,-137.57206689899573,-137.57206689899573,-137.57206689899573,-137.1180228679443,-137.1180228679443,-136.24732506635306,-136.24732506635306,-136.24732506635306,-136.05779836282113,-136.05779836282113,-136.05779836282113,-136.05779836282113,-135.64800043304245,-135.64800043304245,-135.64800043304245,-135.64800043304245,-135.59573907436723,-135.59573907436723,-135.59573907436723,-135.59573907436723,-135.59573907436723,-135.59573907436723,-135.59573907436723,-135.59573907436723,-135.59573907436723
