D = propeller diameter [m],AEdAO = expanded area ratio,PdD = pitch ratio,Z = propeller's number of blades,P_B = power brake,n = Propeller angular speed [rpm],fitness,t075dD,tmin075dD,tal07R,cavLim,Vtip,Vtipmax,penalty,valid
0.8,0.86257860297235,0.7473771622573632,6,,,-136.1644661672376
history
-140.9357972105235,-138.6266290176866,-137.86675090068024,-137.86675090068024,-137.86675090068024,-137.86675090068024,-137.86675090068024,-137.86675090068024,-137.86675090068024,-137.86675090068024,-137.86675090068024,-137.86675090068024,-137.86675090068024,-137.86675090068024,-137.86675090068024,-137.86675090068024,-137.86675090068024,-137.30256440015833,-137.30256440015833,-137.30256440015833,-136.1644661672376,-136.1644661672376,-136.1644661672376,-136.1644661672376,-136.1644661672376,-136.1644661672376,-136.1644661672376,-136.1644661672376,-136.1644661672376,-136.1644661672376
