D = propeller diameter [m],AEdAO = expanded area ratio,PdD = pitch ratio,Z = propeller's number of blades,P_B = power brake,n = Propeller angular speed [rpm],fitness,t075dD,tmin075dD,tal07R,cavLim,Vtip,Vtipmax,penalty,valid
0.8,0.7496604990899202,0.667873810771192,5,,,-106.5640354425107
history
-194.489799611564,-142.89262949184146,-123.79452133615717,-106.5640354425107,-106.5640354425107,-106.5640354425107,-106.5640354425107,-106.5640354425107,-106.5640354425107,-106.5640354425107,-106.5640354425107,-106.5640354425107,-106.5640354425107,-106.5640354425107,-106.5640354425107,-106.5640354425107,-106.5640354425107,-106.5640354425107,-106.5640354425107,-106.5640354425107,-106.5640354425107,-106.5640354425107,-106.5640354425107,-106.5640354425107,-106.5640354425107,-106.5640354425107,-106.5640354425107,-106.5640354425107,-106.5640354425107,-106.5640354425107
