D = propeller diameter [m],AEdAO = expanded area ratio,PdD = pitch ratio,Z = propeller's number of blades,P_B = power brake,n = Propeller angular speed [rpm],fitness,t075dD,tmin075dD,tal07R,cavLim,Vtip,Vtipmax,penalty,valid
0.8,0.7761646252623718,0.7305680579605767,6,106.63818338799395,106.63818338799395,-106.63818338799395
history
-133.92688420472177,-133.92688420472177,-133.92688420472177,-116.07336008640524,-116.07336008640524,-116.07336008640524,-116.07336008640524,-116.07336008640524,-116.07336008640524,-116.07336008640524,-116.07336008640524,-116.07336008640524,-116.07336008640524,-116.07336008640524,-116.07336008640524,-116.07336008640524,-115.18428964025676,-115.18428964025676,-115.18428964025676,-115.18428964025676,-115.18428964025676,-107.52706912395308,-107.52706912395308,-107.52706912395308,-107.52706912395308,-107.52706912395308,-107.52706912395308,-106.8498389316827,-106.8498389316827,-106.8498389316827
solver Name,V_S,NPOPULATION,MAX_ITERATION,SEED
DE,7.5,30,30,4
