D = propeller diameter [m],AEdAO = expanded area ratio,PdD = pitch ratio,Z = propeller's number of blades,P_B = power brake,n = Propeller angular speed [rpm],fitness,t075dD,tmin075dD,tal07R,cavLim,Vtip,Vtipmax,penalty,valid
0.8,0.7664528261868192,0.7177953288828866,6,,,-106.57253712658472
history
-228.88768580055424,-189.59287516644113,-126.19430565092696,-106.57253712658472,-106.57253712658472,-106.57253712658472,-106.57253712658472,-106.57253712658472,-106.57253712658472,-106.57253712658472,-106.57253712658472,-106.57253712658472,-106.57253712658472,-106.57253712658472,-106.57253712658472,-106.57253712658472,-106.57253712658472,-106.57253712658472,-106.57253712658472,-106.57253712658472,-106.57253712658472,-106.57253712658472,-106.57253712658472,-106.57253712658472,-106.57253712658472,-106.57253712658472,-106.57253712658472,-106.57253712658472,-106.57253712658472,-106.57253712658472
solver Name,V_S,NPOPULATION,MAX_ITERATION,SEED
openaies,7.5,10,30,4
