D = propeller diameter [m],AEdAO = expanded area ratio,PdD = pitch ratio,Z = propeller's number of blades,P_B = power brake,n = Propeller angular speed [rpm],fitness,t075dD,tmin075dD,tal07R,cavLim,Vtip,Vtipmax,penalty,valid
0.8,0.6463161242627531,0.6726008844011224,5,81.4487066671433,81.4487066671433,-81.4487066671433
history
-102.44815324555164,-102.44815324555164,-83.3250953053087,-83.3250953053087,-83.3250953053087,-83.3250953053087,-83.3250953053087,-83.3250953053087,-83.3250953053087,-83.3250953053087,-83.3250953053087,-83.3250953053087,-83.3250953053087,-83.3250953053087,-83.3250953053087,-83.3250953053087,-81.9747530467293,-81.9747530467293,-81.9747530467293,-81.9747530467293,-81.9747530467293,-81.9747530467293,-81.9747530467293,-81.9747530467293,-81.9747530467293,-81.891431176477,-81.891431176477,-81.891431176477,-81.891431176477,-81.891431176477
solver Name,V_S,NPOPULATION,MAX_ITERATION,SEED
DE_mod,7.0,30,30,1
