D = propeller diameter [m],AEdAO = expanded area ratio,PdD = pitch ratio,Z = propeller's number of blades,P_B = power brake,n = Propeller angular speed [rpm],fitness,t075dD,tmin075dD,tal07R,cavLim,Vtip,Vtipmax,penalty,valid
0.8,1.05,0.7548686172636467,6,,,-139.61113592488397
history
-236.45031739548338,-161.32764887755698,-140.85856308221088,-140.28376227361392,-139.63019721083262,-139.61819078169694,-139.61819078169694,-139.61819078169694,-139.61819078169694,-139.61819078169694,-139.61819078169694,-139.61819078169694,-139.61819078169694,-139.61819078169694,-139.61819078169694,-139.61819078169694,-139.61819078169694,-139.61819078169694,-139.61819078169694,-139.61819078169694,-139.61819078169694,-139.61565308457827,-139.61565308457827,-139.61565308457827,-139.61565308457827,-139.61565308457827,-139.61565308457827,-139.61565308457827,-139.61565308457827,-139.61565308457827,-139.61565308457827,-139.61113592488397,-139.61113592488397,-139.61113592488397,-139.61113592488397,-139.61113592488397,-139.61113592488397,-139.61113592488397,-139.61113592488397,-139.61113592488397
