D = propeller diameter [m],AEdAO = expanded area ratio,PdD = pitch ratio,Z = propeller's number of blades,P_B = power brake,n = Propeller angular speed [rpm],fitness,t075dD,tmin075dD,tal07R,cavLim,Vtip,Vtipmax,penalty,valid
0.8,0.76796972629881,0.6784538269088638,5,,,-106.69027688376308
history
-238.95534818395828,-168.5161769652712,-106.91025948453552,-106.91025948453552,-106.69027688376308,-106.69027688376308,-106.69027688376308,-106.69027688376308,-106.69027688376308,-106.69027688376308,-106.69027688376308,-106.69027688376308,-106.69027688376308,-106.69027688376308,-106.69027688376308,-106.69027688376308,-106.69027688376308,-106.69027688376308,-106.69027688376308,-106.69027688376308,-106.69027688376308,-106.69027688376308,-106.69027688376308,-106.69027688376308,-106.69027688376308,-106.69027688376308,-106.69027688376308,-106.69027688376308,-106.69027688376308,-106.69027688376308
