D = propeller diameter [m],AEdAO = expanded area ratio,PdD = pitch ratio,Z = propeller's number of blades,P_B = power brake,n = Propeller angular speed [rpm],fitness,t075dD,tmin075dD,tal07R,cavLim,Vtip,Vtipmax,penalty,valid
0.8,0.6577513157091028,0.675973429730091,5,81.49622875549157,81.49622875549157,-81.49622875549157
history
-84.08437122293905,-84.08437122293905,-84.08437122293905,-84.08437122293905,-84.08437122293905,-84.08437122293905,-84.08437122293905,-84.08437122293905,-83.96003299055958,-83.96003299055958,-83.4450129164263,-83.4450129164263,-83.4450129164263,-83.4450129164263,-82.27361687129977,-82.27361687129977,-82.27361687129977,-82.27361687129977,-82.27361687129977,-82.27361687129977,-81.99763394791003,-81.99763394791003,-81.99763394791003,-81.99763394791003,-81.99763394791003,-81.99763394791003,-81.99763394791003,-81.99763394791003,-81.99763394791003,-81.99763394791003
solver Name,V_S,NPOPULATION,MAX_ITERATION,SEED
DE,7.0,30,30,8
