D = propeller diameter [m],AEdAO = expanded area ratio,PdD = pitch ratio,Z = propeller's number of blades,P_B = power brake,n = Propeller angular speed [rpm],fitness,t075dD,tmin075dD,tal07R,cavLim,Vtip,Vtipmax,penalty,valid
0.8,1.05,0.753272318887995,6,,,-110.17340481610236
history
-145.87699741832367,-114.99909612045417,-110.92571172969046,-110.40440206442584,-110.1923386455436,-110.17446036025316,-110.17446036025316,-110.17446036025316,-110.17446036025316,-110.17446036025316,-110.17446036025316,-110.17446036025316,-110.17340481610236,-110.17340481610236,-110.17340481610236,-110.17340481610236,-110.17340481610236,-110.17340481610236,-110.17340481610236,-110.17340481610236,-110.17340481610236,-110.17340481610236,-110.17340481610236,-110.17340481610236,-110.17340481610236,-110.17340481610236,-110.17340481610236,-110.17340481610236,-110.17340481610236,-110.17340481610236
solver Name,V_S,NPOPULATION,MAX_ITERATION,SEED
openaies,7.5,10,30,5
