D = propeller diameter [m],AEdAO = expanded area ratio,PdD = pitch ratio,Z = propeller's number of blades,P_B = power brake,n = Propeller angular speed [rpm],fitness,t075dD,tmin075dD,tal07R,cavLim,Vtip,Vtipmax,penalty,valid
0.8,0.6316410602890539,0.6564315782945407,5,81.44663039402681,81.44663039402681,-81.44663039402681
history
-89.34819500817501,-89.34819500817501,-89.34819500817501,-84.11931901888032,-84.11931901888032,-84.11931901888032,-84.11931901888032,-84.11931901888032,-84.11931901888032,-84.11931901888032,-84.11931901888032,-84.11931901888032,-84.11931901888032,-84.11931901888032,-84.11931901888032,-84.11931901888032,-83.13008207015673,-83.13008207015673,-83.13008207015673,-83.13008207015673,-82.33417600063402,-82.33417600063402,-82.33417600063402,-82.33417600063402,-82.11925355267948,-82.11925355267948,-82.11925355267948,-82.11925355267948,-82.11925355267948,-82.11925355267948
solver Name,V_S,NPOPULATION,MAX_ITERATION,SEED
DE_mod,7.0,30,30,6
