D = propeller diameter [m],AEdAO = expanded area ratio,PdD = pitch ratio,Z = propeller's number of blades,P_B = power brake,n = Propeller angular speed [rpm],fitness,t075dD,tmin075dD,tal07R,cavLim,Vtip,Vtipmax,penalty,valid
0.8,0.8322394857824623,0.6943808747804608,6,,,-135.76227939925198,
history
-255.13888883859815,-137.20081747609052,-135.76227939925198,-135.76227939925198,-135.76227939925198,-135.76227939925198,-135.76227939925198,-135.76227939925198,-135.76227939925198,-135.76227939925198,-135.76227939925198,-135.76227939925198,-135.76227939925198,-135.76227939925198,-135.76227939925198,-135.76227939925198,-135.76227939925198,-135.76227939925198,-135.76227939925198,-135.76227939925198,-135.76227939925198,-135.76227939925198,-135.76227939925198,-135.76227939925198,-135.76227939925198,-135.76227939925198,-135.76227939925198,-135.76227939925198,-135.76227939925198,-135.76227939925198
