D = propeller diameter [m],AEdAO = expanded area ratio,PdD = pitch ratio,Z = propeller's number of blades,P_B = power brake,n = Propeller angular speed [rpm],fitness,t075dD,tmin075dD,tal07R,cavLim,Vtip,Vtipmax,penalty,valid
0.8,0.8399337801355728,0.7085894379000883,6,,,-135.8066419507534
history
-142.73674625776744,-136.48477476578455,-135.94103111224703,-135.94103111224703,-135.94103111224703,-135.90361246540382,-135.8066419507534,-135.8066419507534,-135.8066419507534,-135.8066419507534,-135.8066419507534,-135.8066419507534,-135.8066419507534,-135.8066419507534,-135.8066419507534,-135.8066419507534,-135.8066419507534,-135.8066419507534,-135.8066419507534,-135.8066419507534,-135.8066419507534,-135.8066419507534,-135.8066419507534,-135.8066419507534,-135.8066419507534,-135.8066419507534,-135.8066419507534,-135.8066419507534,-135.8066419507534,-135.8066419507534,-135.8066419507534,-135.8066419507534,-135.8066419507534,-135.8066419507534,-135.8066419507534,-135.8066419507534,-135.8066419507534,-135.8066419507534,-135.8066419507534,-135.8066419507534
