D = propeller diameter [m],AEdAO = expanded area ratio,PdD = pitch ratio,Z = propeller's number of blades,P_B = power brake,n = Propeller angular speed [rpm],fitness,t075dD,tmin075dD,tal07R,cavLim,Vtip,Vtipmax,penalty,valid
0.8,1.05,0.7483662073063543,6,,,-172.97355095482706
history
-306.555697178755,-294.35394013011415,-218.91393517207374,-200.54089050380173,-192.89381987432327,-174.02866513878678,-172.98862453622286,-172.98542681383762,-172.97355095482706,-172.97355095482706,-172.97355095482706,-172.97355095482706,-172.97355095482706,-172.97355095482706,-172.97355095482706,-172.97355095482706,-172.97355095482706,-172.97355095482706,-172.97355095482706,-172.97355095482706,-172.97355095482706,-172.97355095482706,-172.97355095482706,-172.97355095482706,-172.97355095482706,-172.97355095482706,-172.97355095482706,-172.97355095482706,-172.97355095482706,-172.97355095482706
solver Name,V_S,NPOPULATION,MAX_ITERATION,SEED
openaies,8.5,10,30,1
