D = propeller diameter [m],AEdAO = expanded area ratio,PdD = pitch ratio,Z = propeller's number of blades,P_B = power brake,n = Propeller angular speed [rpm],fitness,t075dD,tmin075dD,tal07R,cavLim,Vtip,Vtipmax,penalty,valid
0.8,1.05,0.7636775510008516,6,,,-84.81567477681182
history
-115.09544975585175,-109.72089007274363,-88.75121001441252,-87.00060258861912,-86.36626707950208,-85.0373899482071,-84.82150461141026,-84.82150461141026,-84.82150461141026,-84.82150461141026,-84.82150461141026,-84.82150461141026,-84.82150461141026,-84.82150461141026,-84.82150461141026,-84.82150461141026,-84.82150461141026,-84.82150461141026,-84.82150461141026,-84.82150461141026,-84.82150461141026,-84.82150461141026,-84.82150461141026,-84.82150461141026,-84.81567477681182,-84.81567477681182,-84.81567477681182,-84.81567477681182,-84.81567477681182,-84.81567477681182
solver Name,V_S,NPOPULATION,MAX_ITERATION,SEED
openaies,7.0,10,30,1
