D = propeller diameter [m],AEdAO = expanded area ratio,PdD = pitch ratio,Z = propeller's number of blades,P_B = power brake,n = Propeller angular speed [rpm],fitness,t075dD,tmin075dD,tal07R,cavLim,Vtip,Vtipmax,penalty,valid
0.7999993934385474,0.6328265657151996,0.6705702030239348,5,,,-81.4071605695359
history
-92.17382538343327,-90.80987568023816,-87.45419514016504,-85.93597072172557,-85.22633442677204,-81.87798624019274,-81.87798624019274,-81.63228516440395,-81.63228516440395,-81.63228516440395,-81.63228516440395,-81.63213681135565,-81.63213681135565,-81.53376061371391,-81.53376061371391,-81.46336327478447,-81.46336327478447,-81.45426070355565,-81.44228048024348,-81.41438153644,-81.41438153644,-81.41438153644,-81.41438153644,-81.40986295381542,-81.40986295381542,-81.40986295381542,-81.40911198310644,-81.4071605695359,-81.4071605695359,-81.4071605695359
solver Name,V_S,NPOPULATION,MAX_ITERATION,SEED
cmaes,7.0,10,30,8
