D = propeller diameter [m],AEdAO = expanded area ratio,PdD = pitch ratio,Z = propeller's number of blades,P_B = power brake,n = Propeller angular speed [rpm],fitness,t075dD,tmin075dD,tal07R,cavLim,Vtip,Vtipmax,penalty,valid
0.8,0.7378577069504306,0.6947098622637722,5,106.41311938477341,106.41311938477341,-106.41311938477341
history
-127.29542852589552,-127.29542852589552,-127.29542852589552,-127.29542852589552,-127.29542852589552,-127.29542852589552,-127.29542852589552,-127.29542852589552,-127.29542852589552,-123.7073099743064,-123.7073099743064,-123.7073099743064,-121.30195260792756,-121.30195260792756,-121.30195260792756,-119.07816753698783,-119.07816753698783,-106.57696831616566,-106.57696831616566,-106.57696831616566,-106.57696831616566,-106.57696831616566,-106.57696831616566,-106.57696831616566,-106.57696831616566,-106.57696831616566,-106.57696831616566,-106.57696831616566,-106.57696831616566,-106.57696831616566
solver Name,V_S,NPOPULATION,MAX_ITERATION,SEED
DE_mod,7.5,30,30,8
