D = propeller diameter [m],AEdAO = expanded area ratio,PdD = pitch ratio,Z = propeller's number of blades,P_B = power brake,n = Propeller angular speed [rpm],fitness,t075dD,tmin075dD,tal07R,cavLim,Vtip,Vtipmax,penalty,valid
0.8,0.6927325668929366,0.7008374427268413,5,81.66204745450638,81.66204745450638,-81.66204745450638
history
-86.68453743258891,-86.68453743258891,-86.68453743258891,-85.89125313366922,-85.89125313366922,-85.89125313366922,-85.89125313366922,-85.89125313366922,-85.89125313366922,-85.89125313366922,-85.89125313366922,-85.89125313366922,-85.89125313366922,-85.89125313366922,-83.74381262710132,-83.74381262710132,-83.74381262710132,-83.74381262710132,-83.74381262710132,-83.74381262710132,-83.74381262710132,-83.74381262710132,-83.74381262710132,-83.74381262710132,-83.74381262710132,-83.74381262710132,-82.96252662779416,-82.96252662779416,-82.96252662779416,-82.96252662779416
solver Name,V_S,NPOPULATION,MAX_ITERATION,SEED
DE,7.0,30,30,9
