D = propeller diameter [m],AEdAO = expanded area ratio,PdD = pitch ratio,Z = propeller's number of blades,P_B = power brake,n = Propeller angular speed [rpm],fitness,t075dD,tmin075dD,tal07R,cavLim,Vtip,Vtipmax,penalty,valid
0.8,0.7936416015628348,0.6571767722606889,6,135.68056792558784,135.68056792558784,-135.68056792558784
history
-156.2243357701386,-156.2243357701386,-156.2243357701386,-156.2243357701386,-156.2243357701386,-156.2243357701386,-156.2243357701386,-156.2243357701386,-156.2243357701386,-156.2243357701386,-156.2243357701386,-156.2243357701386,-156.2243357701386,-149.77240731887665,-149.77240731887665,-149.77240731887665,-149.77240731887665,-149.77240731887665,-149.77240731887665,-149.77240731887665,-139.92534127900646,-139.92534127900646,-139.92534127900646,-139.92534127900646,-139.16808372718978,-138.3353522256716,-138.3353522256716,-137.92263113468468,-137.92263113468468,-137.92263113468468
solver Name,V_S,NPOPULATION,MAX_ITERATION,SEED
DE_mod,8.0,30,30,6
