D = propeller diameter [m],AEdAO = expanded area ratio,PdD = pitch ratio,Z = propeller's number of blades,P_B = power brake,n = Propeller angular speed [rpm],fitness,t075dD,tmin075dD,tal07R,cavLim,Vtip,Vtipmax,penalty,valid
0.8,0.7760408732585713,0.7284852345882418,5,106.86053679504347,106.86053679504347,-106.86053679504347
history
-164.74326698554174,-164.74326698554174,-124.19282280288148,-115.85970045420493,-115.85970045420493,-115.85970045420493,-115.85970045420493,-115.85970045420493,-115.85970045420493,-115.85970045420493,-115.85970045420493,-115.85970045420493,-115.85970045420493,-115.82200991149286,-115.82200991149286,-115.82200991149286,-115.82200991149286,-115.82200991149286,-115.82200991149286,-115.82200991149286,-115.82200991149286,-115.82200991149286,-115.82200991149286,-115.82200991149286,-110.39080342289914,-110.39080342289914,-110.39080342289914,-109.9997804395817,-109.9997804395817,-109.9997804395817
solver Name,V_S,NPOPULATION,MAX_ITERATION,SEED
DE,7.5,30,30,1
