D = propeller diameter [m],AEdAO = expanded area ratio,PdD = pitch ratio,Z = propeller's number of blades,P_B = power brake,n = Propeller angular speed [rpm],fitness,t075dD,tmin075dD,tal07R,cavLim,Vtip,Vtipmax,penalty,valid
0.8,0.925207678803768,0.7159153400473575,6,169.81939647414688,169.81939647414688,-169.81939647414688
history
-206.53268500890417,-206.53268500890417,-206.53268500890417,-206.53268500890417,-206.53268500890417,-206.53268500890417,-206.53268500890417,-206.53268500890417,-206.53268500890417,-206.53268500890417,-206.53268500890417,-206.53268500890417,-206.53268500890417,-206.53268500890417,-206.53268500890417,-206.53268500890417,-206.53268500890417,-206.53268500890417,-206.53268500890417,-206.53268500890417,-206.53268500890417,-206.53268500890417,-206.53268500890417,-199.70570921381957,-169.81939647414688,-169.81939647414688,-169.81939647414688,-169.81939647414688,-169.81939647414688,-169.81939647414688
solver Name,V_S,NPOPULATION,MAX_ITERATION,SEED
DE_mod,8.5,30,30,8
