D = propeller diameter [m],AEdAO = expanded area ratio,PdD = pitch ratio,Z = propeller's number of blades,P_B = power brake,n = Propeller angular speed [rpm],fitness,t075dD,tmin075dD,tal07R,cavLim,Vtip,Vtipmax,penalty,valid
0.7999719685174368,0.635061079130219,0.6663752110208303,5,,,-81.42771517214172
history
-141.0061762192752,-137.56454649409696,-90.37810438008782,-82.04479701531997,-82.04479701531997,-82.04479701531997,-82.04479701531997,-82.04479701531997,-82.04479701531997,-82.04479701531997,-82.04479701531997,-82.04479701531997,-82.04479701531997,-82.04479701531997,-82.04479701531997,-81.83339929739005,-81.83339929739005,-81.74902503078238,-81.74902503078238,-81.54102611311977,-81.54102611311977,-81.47806723446388,-81.47806723446388,-81.47806723446388,-81.45515927324169,-81.45515927324169,-81.44204104433997,-81.44204104433997,-81.42771517214172,-81.42771517214172
solver Name,V_S,NPOPULATION,MAX_ITERATION,SEED
cmaes,7.0,10,30,7
