D = propeller diameter [m],AEdAO = expanded area ratio,PdD = pitch ratio,Z = propeller's number of blades,P_B = power brake,n = Propeller angular speed [rpm],fitness,t075dD,tmin075dD,tal07R,cavLim,Vtip,Vtipmax,penalty,valid
0.8,0.6612543631033873,0.6441447545358129,5,81.63471795842733,81.63471795842733,-81.63471795842733
history
-100.08965386274348,-100.08965386274348,-100.08965386274348,-100.08965386274348,-100.08965386274348,-100.08965386274348,-100.08965386274348,-100.08965386274348,-100.08965386274348,-100.08965386274348,-100.08965386274348,-100.08965386274348,-100.08965386274348,-100.08965386274348,-90.55833256728177,-90.55833256728177,-90.55833256728177,-88.14584272228848,-88.14584272228848,-87.49895458278984,-87.49895458278984,-87.49895458278984,-87.49895458278984,-87.49895458278984,-87.349664190995,-82.16710377287883,-82.16710377287883,-82.16710377287883,-82.16710377287883,-82.16710377287883
solver Name,V_S,NPOPULATION,MAX_ITERATION,SEED
DE,7.0,30,30,5
