D = propeller diameter [m],AEdAO = expanded area ratio,PdD = pitch ratio,Z = propeller's number of blades,P_B = power brake,n = Propeller angular speed [rpm],fitness,t075dD,tmin075dD,tal07R,cavLim,Vtip,Vtipmax,penalty,valid
0.8,0.833314085812666,0.7050406375739603,6,,,-135.74395861026508
history
-181.6993618884827,-140.5809470322329,-136.3264187631585,-136.3264187631585,-136.3264187631585,-136.3264187631585,-136.3264187631585,-136.3264187631585,-136.3264187631585,-136.3264187631585,-136.3264187631585,-136.3264187631585,-136.3264187631585,-136.3264187631585,-136.3264187631585,-136.3264187631585,-135.74395861026508,-135.74395861026508,-135.74395861026508,-135.74395861026508
