D = propeller diameter [m],AEdAO = expanded area ratio,PdD = pitch ratio,Z = propeller's number of blades,P_B = power brake,n = Propeller angular speed [rpm],fitness,t075dD,tmin075dD,tal07R,cavLim,Vtip,Vtipmax,penalty,valid
0.8,0.9799104865082615,0.7070648192106729,6,171.1397861269807,171.1397861269807,-171.1397861269807
history
-288.5718500417755,-288.5718500417755,-288.5718500417755,-288.5718500417755,-288.5718500417755,-288.5718500417755,-288.5718500417755,-288.5718500417755,-288.5718500417755,-288.5718500417755,-288.5718500417755,-288.5718500417755,-265.89992331760857,-265.89992331760857,-265.89992331760857,-265.89992331760857,-258.7181593667237,-258.7181593667237,-258.7181593667237,-258.7181593667237,-258.7181593667237,-204.0219515526915,-204.0219515526915,-204.0219515526915,-204.0219515526915,-204.0219515526915,-173.15574321767377,-173.15574321767377,-173.15574321767377,-173.15574321767377
solver Name,V_S,NPOPULATION,MAX_ITERATION,SEED
DE_mod,8.5,30,30,6
