D = propeller diameter [m],AEdAO = expanded area ratio,PdD = pitch ratio,Z = propeller's number of blades,P_B = power brake,n = Propeller angular speed [rpm],fitness,t075dD,tmin075dD,tal07R,cavLim,Vtip,Vtipmax,penalty,valid
0.8,0.8046819804349676,0.6756646042051649,6,135.57825582928308,135.57825582928308,-135.57825582928308
history
-156.10671191781637,-156.10671191781637,-156.10671191781637,-156.10671191781637,-156.10671191781637,-156.10671191781637,-156.10671191781637,-156.10671191781637,-156.10671191781637,-156.10671191781637,-156.10671191781637,-156.10671191781637,-156.10671191781637,-156.10671191781637,-156.10671191781637,-156.10671191781637,-156.10671191781637,-156.10671191781637,-156.10671191781637,-156.10671191781637,-156.10671191781637,-156.10671191781637,-154.3465580240041,-142.24972063993954,-138.76804733623413,-138.76804733623413,-138.76804733623413,-138.76804733623413,-138.76804733623413,-138.76804733623413
solver Name,V_S,NPOPULATION,MAX_ITERATION,SEED
DE_mod,8.0,30,30,7
