D = propeller diameter [m],AEdAO = expanded area ratio,PdD = pitch ratio,Z = propeller's number of blades,P_B = power brake,n = Propeller angular speed [rpm],fitness,t075dD,tmin075dD,tal07R,cavLim,Vtip,Vtipmax,penalty,valid
0.8,0.6687441066532833,0.6968926547551243,6,,,-81.79621388217727
history
-92.87279689483597,-85.60999231727274,-82.60558869312875,-82.60558869312875,-82.60558869312875,-82.60558869312875,-82.60558869312875,-82.60558869312875,-82.60558869312875,-82.60558869312875,-82.60558869312875,-82.60558869312875,-82.60558869312875,-82.60558869312875,-82.541690937544,-82.20736583320904,-82.20736583320904,-82.20736583320904,-81.92114001264521,-81.92114001264521,-81.92114001264521,-81.92114001264521,-81.92114001264521,-81.92114001264521,-81.88506108589542,-81.88506108589542,-81.79621388217727,-81.79621388217727,-81.79621388217727,-81.79621388217727
solver Name,V_S,NPOPULATION,MAX_ITERATION,SEED
openaies,7.0,10,30,3
