D = propeller diameter [m],AEdAO = expanded area ratio,PdD = pitch ratio,Z = propeller's number of blades,P_B = power brake,n = Propeller angular speed [rpm],fitness,t075dD,tmin075dD,tal07R,cavLim,Vtip,Vtipmax,penalty,valid
0.7999965206321581,0.8136338955529326,0.6886611573110691,6,,,-135.58239118458843
history
-292.9720133434945,-201.72765353494924,-163.61679554077708,-159.63540459357154,-143.90512263607116,-138.42943916440862,-136.89680639325908,-136.89680639325908,-136.5995327286613,-136.5995327286613,-136.5995327286613,-136.0485670364137,-136.0485670364137,-135.73890860600304,-135.73890860600304,-135.73890860600304,-135.69125523888965,-135.69125523888965,-135.62773582862005,-135.62773582862005,-135.62773582862005,-135.5864211036087,-135.5864211036087,-135.5864211036087,-135.5864211036087,-135.5864211036087,-135.5864211036087,-135.5832732547414,-135.58239118458843,-135.58239118458843
solver Name,V_S,NPOPULATION,MAX_ITERATION,SEED
cmaes,8.0,10,30,1
