D = propeller diameter [m],AEdAO = expanded area ratio,PdD = pitch ratio,Z = propeller's number of blades,P_B = power brake,n = Propeller angular speed [rpm],fitness,t075dD,tmin075dD,tal07R,cavLim,Vtip,Vtipmax,penalty,valid
0.8,0.6795997579932924,0.6941720171788643,5,,,-81.5867161162784
history
-189.00355349317067,-117.1638397937903,-84.1102105392326,-81.5867161162784,-81.5867161162784,-81.5867161162784,-81.5867161162784,-81.5867161162784,-81.5867161162784,-81.5867161162784,-81.5867161162784,-81.5867161162784,-81.5867161162784,-81.5867161162784,-81.5867161162784,-81.5867161162784,-81.5867161162784,-81.5867161162784,-81.5867161162784,-81.5867161162784,-81.5867161162784,-81.5867161162784,-81.5867161162784,-81.5867161162784,-81.5867161162784,-81.5867161162784,-81.5867161162784,-81.5867161162784,-81.5867161162784,-81.5867161162784
solver Name,V_S,NPOPULATION,MAX_ITERATION,SEED
openaies,7.0,10,30,7
