D = propeller diameter [m],AEdAO = expanded area ratio,PdD = pitch ratio,Z = propeller's number of blades,P_B = power brake,n = Propeller angular speed [rpm],fitness,t075dD,tmin075dD,tal07R,cavLim,Vtip,Vtipmax,penalty,valid
0.8,0.9309453802261051,0.727551399484419,6,,,-137.14073717734703
history
-211.37660524159617,-161.77167763865592,-140.78323885474757,-140.78323885474757,-138.22485465126005,-138.22485465126005,-137.14073717734703,-137.14073717734703,-137.14073717734703,-137.14073717734703,-137.14073717734703,-137.14073717734703,-137.14073717734703,-137.14073717734703,-137.14073717734703,-137.14073717734703,-137.14073717734703,-137.14073717734703,-137.14073717734703,-137.14073717734703,-137.14073717734703,-137.14073717734703,-137.14073717734703,-137.14073717734703,-137.14073717734703,-137.14073717734703,-137.14073717734703,-137.14073717734703,-137.14073717734703,-137.14073717734703,-137.14073717734703,-137.14073717734703,-137.14073717734703,-137.14073717734703,-137.14073717734703,-137.14073717734703,-137.14073717734703,-137.14073717734703,-137.14073717734703,-137.14073717734703
