D = propeller diameter [m],AEdAO = expanded area ratio,PdD = pitch ratio,Z = propeller's number of blades,P_B = power brake,n = Propeller angular speed [rpm],fitness,t075dD,tmin075dD,tal07R,cavLim,Vtip,Vtipmax,penalty,valid
0.8,0.7938782385690348,0.6458284392997504,6,,,-135.85042866408065
history
-319.4148584988752,-269.5721510412272,-177.54381081654307,-147.84637110306303,-135.85042866408065,-135.85042866408065,-135.85042866408065,-135.85042866408065,-135.85042866408065,-135.85042866408065,-135.85042866408065,-135.85042866408065,-135.85042866408065,-135.85042866408065,-135.85042866408065,-135.85042866408065,-135.85042866408065,-135.85042866408065,-135.85042866408065,-135.85042866408065,-135.85042866408065,-135.85042866408065,-135.85042866408065,-135.85042866408065,-135.85042866408065,-135.85042866408065,-135.85042866408065,-135.85042866408065,-135.85042866408065,-135.85042866408065
solver Name,V_S,NPOPULATION,MAX_ITERATION,SEED
openaies,8.0,10,30,4
