D = propeller diameter [m],AEdAO = expanded area ratio,PdD = pitch ratio,Z = propeller's number of blades,P_B = power brake,n = Propeller angular speed [rpm],fitness,t075dD,tmin075dD,tal07R,cavLim,Vtip,Vtipmax,penalty,valid
0.799923384259301,0.7026538004235287,0.6598786167973653,5,,,-106.20584329694397
history
-151.9444989930047,-106.42083142729952,-106.42083142729952,-106.42083142729952,-106.42083142729952,-106.42083142729952,-106.42083142729952,-106.42083142729952,-106.42083142729952,-106.42083142729952,-106.42083142729952,-106.37535092507824,-106.37535092507824,-106.37535092507824,-106.36279509839086,-106.34528575668351,-106.34528575668351,-106.31064635876118,-106.28402384623153,-106.21819173336637,-106.21819173336637,-106.21819173336637,-106.20584329694397,-106.20584329694397,-106.20584329694397,-106.20584329694397,-106.20584329694397,-106.20584329694397,-106.20584329694397,-106.20584329694397
solver Name,V_S,NPOPULATION,MAX_ITERATION,SEED
cmaes,7.5,10,30,9
