D = propeller diameter [m],AEdAO = expanded area ratio,PdD = pitch ratio,Z = propeller's number of blades,P_B = power brake,n = Propeller angular speed [rpm],fitness,t075dD,tmin075dD,tal07R,cavLim,Vtip,Vtipmax,penalty,valid
0.8,0.9194657338637348,0.6514066676173217,6,,,-170.39120347951254
history
-244.3605085542628,-189.25395781060678,-171.15191556834063,-170.39120347951254,-170.39120347951254,-170.39120347951254,-170.39120347951254,-170.39120347951254,-170.39120347951254,-170.39120347951254,-170.39120347951254,-170.39120347951254,-170.39120347951254,-170.39120347951254,-170.39120347951254,-170.39120347951254,-170.39120347951254,-170.39120347951254,-170.39120347951254,-170.39120347951254,-170.39120347951254,-170.39120347951254,-170.39120347951254,-170.39120347951254,-170.39120347951254,-170.39120347951254,-170.39120347951254,-170.39120347951254,-170.39120347951254,-170.39120347951254
solver Name,V_S,NPOPULATION,MAX_ITERATION,SEED
openaies,8.5,10,30,9
