D = propeller diameter [m],AEdAO = expanded area ratio,PdD = pitch ratio,Z = propeller's number of blades,P_B = power brake,n = Propeller angular speed [rpm],fitness,t075dD,tmin075dD,tal07R,cavLim,Vtip,Vtipmax,penalty,valid
0.7999776411837737,0.6334460489858289,0.66997279340088,5,,,-81.41231827300821
history
-83.55832427262496,-83.55832427262496,-82.66163007196279,-82.66163007196279,-82.25403108048201,-81.83495607864006,-81.83495607864006,-81.83495607864006,-81.83495607864006,-81.7148141533616,-81.7148141533616,-81.7148141533616,-81.7148141533616,-81.7148141533616,-81.70175338522455,-81.61037448413542,-81.61037448413542,-81.54255868590994,-81.46592530155316,-81.46592530155316,-81.46592530155316,-81.43679046131874,-81.43679046131874,-81.43679046131874,-81.43679046131874,-81.43045019331767,-81.43045019331767,-81.42163160480136,-81.41231827300821,-81.41231827300821
solver Name,V_S,NPOPULATION,MAX_ITERATION,SEED
cmaes,7.0,10,30,0
