D = propeller diameter [m],AEdAO = expanded area ratio,PdD = pitch ratio,Z = propeller's number of blades,P_B = power brake,n = Propeller angular speed [rpm],fitness,t075dD,tmin075dD,tal07R,cavLim,Vtip,Vtipmax,penalty,valid
0.8,0.8423580317827426,0.7701748748683258,6,,,-107.31763945893137
history
-107.31763945893137,-107.31763945893137,-107.31763945893137,-107.31763945893137,-107.31763945893137,-107.31763945893137,-107.31763945893137,-107.31763945893137,-107.31763945893137,-107.31763945893137,-107.31763945893137,-107.31763945893137,-107.31763945893137,-107.31763945893137,-107.31763945893137,-107.31763945893137,-107.31763945893137,-107.31763945893137,-107.31763945893137,-107.31763945893137,-107.31763945893137,-107.31763945893137,-107.31763945893137,-107.31763945893137,-107.31763945893137,-107.31763945893137,-107.31763945893137,-107.31763945893137,-107.31763945893137,-107.31763945893137
solver Name,V_S,NPOPULATION,MAX_ITERATION,SEED
openaies,7.5,10,30,0
