D = propeller diameter [m],AEdAO = expanded area ratio,PdD = pitch ratio,Z = propeller's number of blades,P_B = power brake,n = Propeller angular speed [rpm],fitness,t075dD,tmin075dD,tal07R,cavLim,Vtip,Vtipmax,penalty,valid
0.7999999948476708,0.8829230082933333,0.6671873326169392,5,,,-169.81978848487924
history
-294.35828387827564,-223.22095893145976,-180.38572940685523,-173.77445161619204,-173.77445161619204,-173.7579348661711,-173.7579348661711,-173.7579348661711,-170.662344104536,-170.662344104536,-170.662344104536,-170.662344104536,-170.662344104536,-170.51344987061188,-170.51344987061188,-170.24031128022767,-170.24031128022767,-170.24031128022767,-170.0882248681395,-169.9420556995615,-169.9420556995615,-169.9420556995615,-169.8356137776531,-169.8356137776531,-169.8356137776531,-169.8356137776531,-169.8356137776531,-169.8356137776531,-169.8356137776531,-169.81978848487924
solver Name,V_S,NPOPULATION,MAX_ITERATION,SEED
cmaes,8.5,10,30,9
