D = propeller diameter [m],AEdAO = expanded area ratio,PdD = pitch ratio,Z = propeller's number of blades,P_B = power brake,n = Propeller angular speed [rpm],fitness,t075dD,tmin075dD,tal07R,cavLim,Vtip,Vtipmax,penalty,valid
0.8,0.6674936180165778,0.7143900103585767,5,81.59509092829352,81.59509092829352,-81.59509092829352
history
-127.53230513249632,-127.53230513249632,-127.53230513249632,-127.53230513249632,-127.53230513249632,-127.53230513249632,-127.53230513249632,-127.53230513249632,-127.53230513249632,-127.53230513249632,-87.20598040958185,-87.20598040958185,-87.20598040958185,-87.20598040958185,-87.20598040958185,-87.20598040958185,-87.20598040958185,-85.58228123180886,-85.58228123180886,-84.67289856014517,-84.67289856014517,-84.67289856014517,-84.67289856014517,-84.67289856014517,-84.67289856014517,-84.421396796221,-84.421396796221,-84.421396796221,-83.60664075107535,-83.60664075107535
solver Name,V_S,NPOPULATION,MAX_ITERATION,SEED
DE,7.0,30,30,4
