D = propeller diameter [m],AEdAO = expanded area ratio,PdD = pitch ratio,Z = propeller's number of blades,P_B = power brake,n = Propeller angular speed [rpm],fitness,t075dD,tmin075dD,tal07R,cavLim,Vtip,Vtipmax,penalty,valid
0.7691755033400463,0.4534017751322043,0.6488823443907847,4,170.5875869021218,170.5875869021218,-170.5875869021218
history
-202.02403573397464,-202.02403573397464,-202.02403573397464,-202.02403573397464,-202.02403573397464,-198.8656960626512,-198.8656960626512,-198.8656960626512,-198.8656960626512,-198.8656960626512,-198.8656960626512,-198.8656960626512,-192.01515595294924,-179.8937302401817,-179.8937302401817,-179.8937302401817,-179.8937302401817,-179.8937302401817,-179.8937302401817,-179.8937302401817,-179.8937302401817,-179.8937302401817,-179.8937302401817,-179.8937302401817,-179.8937302401817,-179.8937302401817,-179.8937302401817,-176.63729175700195,-176.63729175700195,-174.0635391051169
solver Name,V_S,NPOPULATION,MAX_ITERATION,SEED
DE_mod,8.5,30,30,1
