D = propeller diameter [m],AEdAO = expanded area ratio,PdD = pitch ratio,Z = propeller's number of blades,P_B = power brake,n = Propeller angular speed [rpm],fitness,t075dD,tmin075dD,tal07R,cavLim,Vtip,Vtipmax,penalty,valid
0.8,0.688048995596456,0.6100519215703173,5,,,-106.63998505549914
history
-590.4225423822962,-345.4758582397913,-176.38876415337919,-161.13648661699904,-114.4520744155028,-106.9015546937687,-106.9015546937687,-106.63998505549914,-106.63998505549914,-106.63998505549914,-106.63998505549914,-106.63998505549914,-106.63998505549914,-106.63998505549914,-106.63998505549914,-106.63998505549914,-106.63998505549914,-106.63998505549914,-106.63998505549914,-106.63998505549914,-106.63998505549914,-106.63998505549914,-106.63998505549914,-106.63998505549914,-106.63998505549914,-106.63998505549914,-106.63998505549914,-106.63998505549914,-106.63998505549914,-106.63998505549914
