D = propeller diameter [m],AEdAO = expanded area ratio,PdD = pitch ratio,Z = propeller's number of blades,P_B = power brake,n = Propeller angular speed [rpm],fitness,t075dD,tmin075dD,tal07R,cavLim,Vtip,Vtipmax,penalty,valid
0.8,0.814104946181146,0.6632027888248392,6,,,-135.8151047889568
history
-384.4596124523276,-213.87123683146027,-191.6597152400176,-140.21586797934089,-137.31094509276164,-136.32302200017463,-135.8151047889568,-135.8151047889568,-135.8151047889568,-135.8151047889568,-135.8151047889568,-135.8151047889568,-135.8151047889568,-135.8151047889568,-135.8151047889568,-135.8151047889568,-135.8151047889568,-135.8151047889568,-135.8151047889568,-135.8151047889568,-135.8151047889568,-135.8151047889568,-135.8151047889568,-135.8151047889568,-135.8151047889568,-135.8151047889568,-135.8151047889568,-135.8151047889568,-135.8151047889568,-135.8151047889568,-135.8151047889568,-135.8151047889568,-135.8151047889568,-135.8151047889568,-135.8151047889568,-135.8151047889568,-135.8151047889568,-135.8151047889568,-135.8151047889568,-135.8151047889568
