D = propeller diameter [m],AEdAO = expanded area ratio,PdD = pitch ratio,Z = propeller's number of blades,P_B = power brake,n = Propeller angular speed [rpm],fitness,t075dD,tmin075dD,tal07R,cavLim,Vtip,Vtipmax,penalty,valid
0.8,0.6768185645863181,0.7193296432149946,5,81.65105178670612,81.65105178670612,-81.65105178670612
history
-93.28888504584086,-86.4891016926865,-86.4891016926865,-86.4891016926865,-86.4891016926865,-86.4891016926865,-86.4891016926865,-86.4891016926865,-86.4891016926865,-86.4891016926865,-86.16332630050708,-86.16332630050708,-86.16332630050708,-85.31912003691377,-83.5038342396233,-83.5038342396233,-83.5038342396233,-83.5038342396233,-83.5038342396233,-83.5038342396233,-83.5038342396233,-83.5038342396233,-83.5038342396233,-83.5038342396233,-83.04940565990194,-83.04940565990194,-82.57320865370642,-82.57320865370642,-82.57320865370642,-82.57320865370642
solver Name,V_S,NPOPULATION,MAX_ITERATION,SEED
DE_mod,7.0,30,30,0
