D = propeller diameter [m],AEdAO = expanded area ratio,PdD = pitch ratio,Z = propeller's number of blades,P_B = power brake,n = Propeller angular speed [rpm],fitness,t075dD,tmin075dD,tal07R,cavLim,Vtip,Vtipmax,penalty,valid
0.8,0.6683502909089875,0.681604283065918,5,81.53092959088909,81.53092959088909,-81.53092959088909
history
-125.76943628791498,-125.76943628791498,-125.76943628791498,-125.76943628791498,-125.76943628791498,-125.76943628791498,-125.76943628791498,-125.76943628791498,-125.76943628791498,-125.76943628791498,-125.76943628791498,-125.76943628791498,-125.76943628791498,-125.76943628791498,-85.40619422910315,-85.40619422910315,-85.40619422910315,-85.40619422910315,-85.20557274918075,-85.20557274918075,-85.20557274918075,-85.20557274918075,-85.20557274918075,-85.20557274918075,-84.15800982059424,-84.15800982059424,-84.15800982059424,-84.15800982059424,-84.15800982059424,-84.15800982059424
solver Name,V_S,NPOPULATION,MAX_ITERATION,SEED
DE,7.0,30,30,3
