D = propeller diameter [m],AEdAO = expanded area ratio,PdD = pitch ratio,Z = propeller's number of blades,P_B = power brake,n = Propeller angular speed [rpm],fitness,t075dD,tmin075dD,tal07R,cavLim,Vtip,Vtipmax,penalty,valid
0.8,0.9059736493172718,0.6921611350482235,6,169.58894456824595,169.58894456824595,-169.58894456824595
history
-224.20698798333885,-224.20698798333885,-224.20698798333885,-224.20698798333885,-224.20698798333885,-224.20698798333885,-224.20698798333885,-224.20698798333885,-224.20698798333885,-224.20698798333885,-224.20698798333885,-224.20698798333885,-224.20698798333885,-224.20698798333885,-224.20698798333885,-224.20698798333885,-224.20698798333885,-208.97374657063216,-208.97374657063216,-208.97374657063216,-208.97374657063216,-176.19521493816416,-173.04213434036518,-173.04213434036518,-173.04213434036518,-170.06456458071997,-170.06456458071997,-170.06456458071997,-170.06456458071997,-170.06456458071997
solver Name,V_S,NPOPULATION,MAX_ITERATION,SEED
DE_mod,8.5,30,30,5
