D = propeller diameter [m],AEdAO = expanded area ratio,PdD = pitch ratio,Z = propeller's number of blades,P_B = power brake,n = Propeller angular speed [rpm],fitness,t075dD,tmin075dD,tal07R,cavLim,Vtip,Vtipmax,penalty,valid
0.8,1.0380100771498597,0.7921811719822186,6,,,-172.88400236952577
history
-191.06955384187643,-172.88400236952577,-172.88400236952577,-172.88400236952577,-172.88400236952577,-172.88400236952577,-172.88400236952577,-172.88400236952577,-172.88400236952577,-172.88400236952577,-172.88400236952577,-172.88400236952577,-172.88400236952577,-172.88400236952577,-172.88400236952577,-172.88400236952577,-172.88400236952577,-172.88400236952577,-172.88400236952577,-172.88400236952577,-172.88400236952577,-172.88400236952577,-172.88400236952577,-172.88400236952577,-172.88400236952577,-172.88400236952577,-172.88400236952577,-172.88400236952577,-172.88400236952577,-172.88400236952577
solver Name,V_S,NPOPULATION,MAX_ITERATION,SEED
openaies,8.5,10,30,6
