D = propeller diameter [m],AEdAO = expanded area ratio,PdD = pitch ratio,Z = propellers number of blades,P_B = power brake,n = Propeller angular speed [rpm],fitness
0.8,0.902853,0.790504,6,108.08171,691.192324,-108.08171
history
-132.357648,-132.357648,-132.357648,-132.357648,-132.357648,-131.178036,-113.623871,-113.623871,-113.623871,-113.623871,-113.623871,-113.623871,-113.623871,-113.623871,-113.623871,-113.623871,-113.623871,-113.623871,-113.623871,-113.623871,-109.277155,-109.277155,-108.08171,-108.08171,-108.08171,-108.08171,-108.08171,-108.08171,-108.08171,-108.08171
