D = propeller diameter [m],AEdAO = expanded area ratio,PdD = pitch ratio,Z = propeller's number of blades,P_B = power brake,n = Propeller angular speed [rpm],fitness,t075dD,tmin075dD,tal07R,cavLim,Vtip,Vtipmax,penalty,valid,,,,,,,,,,,,,,,
0.8,0.7260901892907626,0.6133688505490721,5,106.96036534013044,,-106.96036534013044,,,,,,,,,,,,,,,,,,,,,,,
history,,,,,,,,,,,,,,,,,,,,,,,,,,,,,
-148.21375856986722,-148.21375856986722,-148.21375856986722,-148.21375856986722,-148.21375856986722,-119.55555380891565,-119.55555380891565,-119.55555380891565,-119.55555380891565,-119.55555380891565,-119.55555380891565,-119.55555380891565,-109.04502867326553,-108.25076088042836,-108.25076088042836,-108.25076088042836,-108.25076088042836,-108.25076088042836,-108.25076088042836,-108.25076088042836,-108.25076088042836,-107.36159291738667,-107.36159291738667,-107.36159291738667,-107.36159291738667,-107.36159291738667,-107.36159291738667,-107.36159291738667,-107.36159291738667,-106.96036534013044
