D = propeller diameter [m],AEdAO = expanded area ratio,PdD = pitch ratio,Z = propellers number of blades,P_B = power brake,n = Propeller angular speed [rpm],fitness
0.8,0.696071,0.596256,6,107.698995,835.270238,-107.698995
history
-130.076879,-130.076879,-130.076879,-130.076879,-130.076879,-130.076879,-130.076879,-130.076879,-130.076879,-130.076879,-110.896739,-110.896739,-110.896739,-110.896739,-108.49389,-108.49389,-108.49389,-108.49389,-107.698995,-107.698995,-107.698995,-107.698995,-107.698995,-107.698995,-107.698995,-107.698995,-107.698995,-107.698995,-107.698995,-107.698995
