D = propeller diameter [m],AEdAO = expanded area ratio,PdD = pitch ratio,Z = propeller's number of blades,P_B = power brake,n = Propeller angular speed [rpm],fitness,t075dD,tmin075dD,tal07R,cavLim,Vtip,Vtipmax,penalty,valid,,,,,,,,,,,,,,,
0.8,0.8753196489563153,0.7176818412535926,6,106.5225528247806,,-106.5225528247806,,,,,,,,,,,,,,,,,,,,,,,
history,,,,,,,,,,,,,,,,,,,,,,,,,,,,,
-174.98152604100486,-174.98152604100486,-174.98152604100486,-174.98152604100486,-174.98152604100486,-174.98152604100486,-174.98152604100486,-174.98152604100486,-174.98152604100486,-174.98152604100486,-174.98152604100486,-174.98152604100486,-174.98152604100486,-174.98152604100486,-174.98152604100486,-154.12425079297728,-126.00115042296163,-126.00115042296163,-126.00115042296163,-114.85046915158205,-114.85046915158205,-114.85046915158205,-114.15957854284876,-108.85966735713342,-108.85966735713342,-108.85966735713342,-106.5225528247806,-106.5225528247806,-106.5225528247806,-106.5225528247806
