D = propeller diameter [m],AEdAO = expanded area ratio,PdD = pitch ratio,Z = propellers number of blades,P_B = power brake,n = Propeller angular speed [rpm],fitness,,,,,,,,,,,,,,,,,,,,,,,
0.8,0.720457,0.6787424,5,106.283424,717.295814,-106.283424,,,,,,,,,,,,,,,,,,,,,,,
history,,,,,,,,,,,,,,,,,,,,,,,,,,,,,
-142.114471,-142.114471,-142.114471,-142.114471,-142.114471,-142.114471,-142.114471,-142.114471,-142.114471,-142.114471,-142.114471,-142.114471,-142.114471,-142.114471,-142.114471,-142.114471,-142.114471,-142.114471,-142.114471,-142.114471,-142.114471,-125.858814,-108.710847,-108.710847,-108.710847,-108.710847,-108.710847,-106.283424,-106.283424,-106.283424
