D = propeller diameter [m],AEdAO = expanded area ratio,PdD = pitch ratio,Z = propellers number of blades,P_B = power brake,n = Propeller angular speed [rpm],fitness
0.8,0.769683,0.694691,6,106.649387,754.289842,-106.649387
history
-139.020562,-139.020562,-139.020562,-139.020562,-139.020562,-139.020562,-139.020562,-139.020562,-139.020562,-139.020562,-139.020562,-139.020562,-139.020562,-139.020562,-139.020562,-139.020562,-139.020562,-127.936276,-120.086272,-109.149013,-109.149013,-109.149013,-107.665387,-107.665387,-107.665387,-107.665387,-107.665387,-107.665387,-107.640596,-106.649387
