D = propeller diameter [m],AEdAO = expanded area ratio,PdD = pitch ratio,Z = propellers number of blades,P_B = power brake,n = Propeller angular speed [rpm],fitness
0.8,0.803544,0.742387,6,106.856547,721.056916,-106.856547
history
-127.701171,-127.701171,-122.558904,-112.597439,-111.519494,-111.519494,-111.519494,-111.519494,-111.519494,-111.519494,-111.519494,-111.519494,-111.519494,-111.519494,-111.418645,-111.418645,-111.418645,-111.418645,-109.067855,-109.067855,-109.067855,-107.609315,-107.609315,-107.110826,-107.110826,-107.110826,-107.043141,-106.889392,-106.889392,-106.856547
