D = propeller diameter [m],AEdAO = expanded area ratio,PdD = pitch ratio,Z = propellers number of blades,P_B = power brake,n = Propeller angular speed [rpm],fitness
0.8,0.795593,0.7765,6,106.979181,699.340916,-106.979181
history
-207.140577,-207.140577,-207.140577,-207.140577,-207.140577,-207.140577,-110.196717,-110.196717,-110.196717,-110.196717,-110.196717,-110.196717,-110.196717,-110.196717,-110.196717,-110.196717,-110.196717,-110.196717,-110.196717,-110.196717,-110.196717,-110.196717,-107.376485,-107.376485,-107.376485,-107.376485,-107.376485,-107.376485,-107.376485,-106.979181
