D = propeller diameter [m],AEdAO = expanded area ratio,PdD = pitch ratio,Z = propeller's number of blades,P_B = power brake,n = Propeller angular speed [rpm],fitness,t075dD,tmin075dD,tal07R,cavLim,Vtip,Vtipmax,penalty,valid,,,,,,,,,,,,,,,
0.8,0.7095052178046234,0.6438894864828538,5,106.37539777491418,,-106.37539777491418,,,,,,,,,,,,,,,,,,,,,,,
history,,,,,,,,,,,,,,,,,,,,,,,,,,,,,
-167.77557685520281,-167.77557685520281,-128.03055741488703,-128.03055741488703,-128.03055741488703,-128.03055741488703,-115.87429852310521,-115.87429852310521,-115.87429852310521,-111.31974575492086,-111.31974575492086,-110.58238724639978,-110.58238724639978,-110.58238724639978,-110.58238724639978,-110.58238724639978,-110.14245535207093,-109.11071274620042,-109.11071274620042,-109.11071274620042,-109.02579533983601,-109.02579533983601,-109.02579533983601,-106.37539777491418,-106.37539777491418,-106.37539777491418,-106.37539777491418,-106.37539777491418,-106.37539777491418,-106.37539777491418
