D = propeller diameter [m],AEdAO = expanded area ratio,PdD = pitch ratio,Z = propeller's number of blades,P_B = power brake,n = Propeller angular speed [rpm],fitness,t075dD,tmin075dD,tal07R,cavLim,Vtip,Vtipmax,penalty,valid,,,,,,,,,,,,,,,
0.8,0.7898727322742811,0.739704854538468,6,106.75359441835973,,-106.75359441835973,,,,,,,,,,,,,,,,,,,,,,,
history,,,,,,,,,,,,,,,,,,,,,,,,,,,,,
-169.05044570245383,-169.05044570245383,-169.05044570245383,-169.05044570245383,-169.05044570245383,-169.05044570245383,-169.05044570245383,-169.05044570245383,-169.05044570245383,-169.05044570245383,-169.05044570245383,-169.05044570245383,-169.05044570245383,-157.2633007999914,-132.9265589462891,-115.34618893757367,-107.19595965053576,-107.19595965053576,-107.19595965053576,-106.75359441835971,-106.75359441835971,-106.75359441835971,-106.75359441835971,-106.75359441835971,-106.75359441835971,-106.75359441835971,-106.75359441835971,-106.75359441835971,-106.75359441835971,-106.75359441835971
