D = propeller diameter [m],AEdAO = expanded area ratio,PdD = pitch ratio,Z = propellers number of blades,P_B = power brake,n = Propeller angular speed [rpm],fitness
0.8,0.674455,0.559559,5,107.870966,886.270836,-107.870966
history
-124.710487,-124.710487,-124.710487,-124.710487,-124.710487,-124.710487,-116.998007,-116.998007,-116.998007,-116.998007,-116.998007,-116.045363,-114.527994,-114.527994,-114.527994,-114.527994,-114.527994,-114.527994,-111.510536,-111.510536,-110.30284,-107.870966,-107.870966,-107.870966,-107.870966,-107.870966,-107.870966,-107.870966,-107.870966,-107.870966
