D = propeller diameter [m],AEdAO = expanded area ratio,PdD = pitch ratio,Z = propeller's number of blades,P_B = power brake,n = Propeller angular speed [rpm],fitness,t075dD,tmin075dD,tal07R,cavLim,Vtip,Vtipmax,penalty,valid,,,,,,,,,,,,,,,
0.8,0.8247426992977304,0.6576849092004173,5,106.49271110071572,,-106.49271110071572,,,,,,,,,,,,,,,,,,,,,,,
history,,,,,,,,,,,,,,,,,,,,,,,,,,,,,
-123.37282042981599,-123.37282042981599,-123.37282042981599,-123.37282042981599,-123.37282042981599,-123.37282042981599,-123.37282042981599,-123.37282042981599,-123.37282042981599,-123.37282042981599,-123.37282042981599,-123.37282042981599,-123.37282042981599,-120.19056740740494,-120.19056740740494,-120.19056740740494,-120.19056740740494,-112.43576403226922,-106.49271110071572,-106.49271110071572,-106.49271110071572,-106.49271110071572,-106.49271110071572,-106.49271110071572,-106.49271110071572,-106.49271110071572,-106.49271110071572,-106.49271110071572,-106.49271110071572,-106.49271110071572
