D = propeller diameter [m],AEdAO = expanded area ratio,PdD = pitch ratio,Z = propeller's number of blades,P_B = power brake,n = Propeller angular speed [rpm],fitness,t075dD,tmin075dD,tal07R,cavLim,Vtip,Vtipmax,penalty,valid,,,,,,,,,,,,,,,
0.8,0.755218562439157,0.6733927213521096,5,106.5907068053256,,-106.5907068053256,,,,,,,,,,,,,,,,,,,,,,,
history,,,,,,,,,,,,,,,,,,,,,,,,,,,,,
-175.36433310348457,-175.36433310348457,-175.36433310348457,-133.40893060222115,-133.40893060222115,-133.40893060222115,-110.3971277533732,-110.3971277533732,-108.2319739233659,-108.2319739233659,-108.2319739233659,-108.16130460446061,-107.89349500822006,-107.89349500822006,-106.87471023177571,-106.87471023177571,-106.87471023177571,-106.87471023177571,-106.78412817248312,-106.78412817248312,-106.59070680532561,-106.59070680532561,-106.59070680532561,-106.59070680532561,-106.59070680532561,-106.59070680532561,-106.59070680532561,-106.59070680532561,-106.59070680532561,-106.59070680532561
