D = propeller diameter [m],AEdAO = expanded area ratio,PdD = pitch ratio,Z = propeller's number of blades,P_B = power brake,n = Propeller angular speed [rpm],fitness,t075dD,tmin075dD,tal07R,cavLim,Vtip,Vtipmax,penalty,valid,,,,,,,,,,,,,,,
0.8,0.8626109626206813,0.7323833919777323,6,106.37557641575076,,-106.37557641575076,,,,,,,,,,,,,,,,,,,,,,,
history,,,,,,,,,,,,,,,,,,,,,,,,,,,,,
-155.14087796136616,-155.14087796136616,-155.14087796136616,-155.14087796136616,-155.14087796136616,-155.14087796136616,-132.32001959083746,-115.07839187763585,-115.07839187763585,-115.07839187763585,-115.07839187763585,-115.07839187763585,-113.30069552383704,-113.30069552383704,-113.30069552383704,-110.85553841763554,-110.85553841763554,-110.70269767198354,-108.06338442254984,-108.06338442254984,-108.06338442254984,-108.06338442254984,-107.6680759231417,-106.37557641575076,-106.37557641575076,-106.37557641575076,-106.37557641575076,-106.37557641575076,-106.37557641575076,-106.37557641575076
