D = propeller diameter [m],AEdAO = expanded area ratio,PdD = pitch ratio,Z = propellers number of blades,P_B = power brake,n = Propeller angular speed [rpm],fitness
0.8,0.717564,0.641153,5,106.468098,809.380532,-106.468098
history
-152.445752,-152.445752,-152.445752,-152.445752,-152.445752,-152.445752,-152.445752,-152.445752,-152.445752,-152.445752,-152.445752,-152.445752,-152.445752,-152.445752,-152.445752,-152.445752,-152.445752,-152.445752,-152.445752,-152.445752,-137.820229,-137.820229,-137.820229,-137.820229,-137.820229,-111.044816,-111.044816,-108.760043,-106.468098,-106.468098
