D = propeller diameter [m],AEdAO = expanded area ratio,PdD = pitch ratio,Z = propeller's number of blades,P_B = power brake,n = Propeller angular speed [rpm],fitness,t075dD,tmin075dD,tal07R,cavLim,Vtip,Vtipmax,penalty,valid
0.7999994417593742,0.6303071095035762,0.6662642700246743,5,,,-81.4076769955484
history
-92.67959598194075,-83.97319492196907,-83.05723828560286,-81.86532618947642,-81.86532618947642,-81.72159541389243,-81.72159541389243,-81.72159541389243,-81.586251513467,-81.586251513467,-81.586251513467,-81.50099908265244,-81.50099908265244,-81.467539923243,-81.467539923243,-81.467539923243,-81.467539923243,-81.44005093797578,-81.44005093797578,-81.4262403235553,-81.4262403235553,-81.4262403235553,-81.4216345365409,-81.41908838681191,-81.41696805591066,-81.41292831043883,-81.41292831043883,-81.41061202724458,-81.41061202724458,-81.4076769955484
solver Name,V_S,NPOPULATION,MAX_ITERATION,SEED
cmaes,7.0,10,30,9
