D = propeller diameter [m],AEdAO = expanded area ratio,PdD = pitch ratio,Z = propeller's number of blades,P_B = power brake,n = Propeller angular speed [rpm],fitness,t075dD,tmin075dD,tal07R,cavLim,Vtip,Vtipmax,penalty,valid
0.8,0.8230730880147141,0.6890206030081305,6,,,-135.68284100116813
history
-307.2776756577877,-211.8155161114403,-211.8155161114403,-189.96412686942716,-135.68284100116813,-135.68284100116813,-135.68284100116813,-135.68284100116813,-135.68284100116813,-135.68284100116813,-135.68284100116813,-135.68284100116813,-135.68284100116813,-135.68284100116813,-135.68284100116813,-135.68284100116813,-135.68284100116813,-135.68284100116813,-135.68284100116813,-135.68284100116813,-135.68284100116813,-135.68284100116813,-135.68284100116813,-135.68284100116813,-135.68284100116813,-135.68284100116813,-135.68284100116813,-135.68284100116813,-135.68284100116813,-135.68284100116813
