D = propeller diameter [m],AEdAO = expanded area ratio,PdD = pitch ratio,Z = propeller's number of blades,P_B = power brake,n = Propeller angular speed [rpm],fitness,t075dD,tmin075dD,tal07R,cavLim,Vtip,Vtipmax,penalty,valid
0.8,0.8060606144944205,0.6780752693026048,5,,,-135.72992589862787
history
-406.3830586519834,-176.46923477638887,-160.02211778403532,-136.46123192626874,-135.72992589862787,-135.72992589862787,-135.72992589862787,-135.72992589862787,-135.72992589862787,-135.72992589862787,-135.72992589862787,-135.72992589862787,-135.72992589862787,-135.72992589862787,-135.72992589862787,-135.72992589862787,-135.72992589862787,-135.72992589862787,-135.72992589862787,-135.72992589862787
