D = propeller diameter [m],AEdAO = expanded area ratio,PdD = pitch ratio,Z = propeller's number of blades,P_B = power brake,n = Propeller angular speed [rpm],fitness,t075dD,tmin075dD,tal07R,cavLim,Vtip,Vtipmax,penalty,valid
0.8,0.6240393179590833,0.642973265273214,5,,,-81.48644983633257
history
-83.51815059897687,-82.16197966001893,-82.16197966001893,-81.78542430576408,-81.77233596970231,-81.77233596970231,-81.48644983633257,-81.48644983633257,-81.48644983633257,-81.48644983633257,-81.48644983633257,-81.48644983633257,-81.48644983633257,-81.48644983633257,-81.48644983633257,-81.48644983633257,-81.48644983633257,-81.48644983633257,-81.48644983633257,-81.48644983633257,-81.48644983633257,-81.48644983633257,-81.48644983633257,-81.48644983633257,-81.48644983633257,-81.48644983633257,-81.48644983633257,-81.48644983633257,-81.48644983633257,-81.48644983633257
solver Name,V_S,NPOPULATION,MAX_ITERATION,SEED
openaies,7.0,10,30,2
