D = propeller diameter [m],AEdAO = expanded area ratio,PdD = pitch ratio,Z = propeller's number of blades,P_B = power brake,n = Propeller angular speed [rpm],fitness,t075dD,tmin075dD,tal07R,cavLim,Vtip,Vtipmax,penalty,valid
0.7999534244283973,0.7886381456723226,0.6629987508949337,5,,,-135.58648746286627
history
-139.8368213567641,-139.1307973727109,-139.1307973727109,-139.1307973727109,-138.3067838325856,-138.3067838325856,-137.09829276912913,-136.02060678336045,-136.02060678336045,-136.02060678336045,-135.9117243484442,-135.9117243484442,-135.9117243484442,-135.9117243484442,-135.9117243484442,-135.74942400347007,-135.74942400347007,-135.71900987508758,-135.71900987508758,-135.71900987508758,-135.71900987508758,-135.59779693248822,-135.59779693248822,-135.59779693248822,-135.59779693248822,-135.59779693248822,-135.58816066199282,-135.58648746286627,-135.58648746286627,-135.58648746286627
solver Name,V_S,NPOPULATION,MAX_ITERATION,SEED
cmaes,8.0,10,30,2
