D = propeller diameter [m],AEdAO = expanded area ratio,PdD = pitch ratio,Z = propeller's number of blades,P_B = power brake,n = Propeller angular speed [rpm],fitness,t075dD,tmin075dD,tal07R,cavLim,Vtip,Vtipmax,penalty,valid
0.7999990707263703,0.8938616582157256,0.6734501202404684,6,,,-169.45585734315236
history
-243.790684273995,-175.77197576792196,-174.2566546717539,-173.81670987413997,-173.46630212726828,-173.46526880663384,-172.01239003279733,-171.57873930896244,-170.9836772683796,-170.7679888682732,-170.06851354949742,-170.06851354949742,-170.06851354949742,-169.9818646826035,-169.90741973175082,-169.83008388895715,-169.60169263786833,-169.5446198685895,-169.48747370506678,-169.48747370506678,-169.48747370506678,-169.48747370506678,-169.48747370506678,-169.46460768218233,-169.46460768218233,-169.46460768218233,-169.46460768218233,-169.46460768218233,-169.45788468111684,-169.45585734315236
solver Name,V_S,NPOPULATION,MAX_ITERATION,SEED
cmaes,8.5,10,30,8
