D = propeller diameter [m],AEdAO = expanded area ratio,PdD = pitch ratio,Z = propeller's number of blades,P_B = power brake,n = Propeller angular speed [rpm],fitness,t075dD,tmin075dD,tal07R,cavLim,Vtip,Vtipmax,penalty,valid
0.8,0.6680084459777463,0.699560979818796,5,81.5485624102247,81.5485624102247,-81.5485624102247
history
-92.70529862235875,-92.70529862235875,-92.70529862235875,-90.44861432559422,-88.08351994588081,-87.29075369126974,-87.29075369126974,-87.29075369126974,-87.29075369126974,-87.29075369126974,-86.18743646861309,-86.18743646861309,-84.96478038501013,-84.96478038501013,-84.96478038501013,-84.96478038501013,-84.96478038501013,-84.96478038501013,-83.76809925904,-83.76809925904,-83.76809925904,-83.76809925904,-83.76809925904,-83.76809925904,-83.76809925904,-83.76809925904,-83.76809925904,-81.97031310985606,-81.97031310985606,-81.97031310985606
solver Name,V_S,NPOPULATION,MAX_ITERATION,SEED
DE_mod,7.0,30,30,9
