D = propeller diameter [m],AEdAO = expanded area ratio,PdD = pitch ratio,Z = propeller's number of blades,P_B = power brake,n = Propeller angular speed [rpm],fitness,t075dD,tmin075dD,tal07R,cavLim,Vtip,Vtipmax,penalty,valid
0.8,1.05,0.7486211901720601,6,,,-139.61061204614353
history
-139.61846250679133,-139.61846250679133,-139.61846250679133,-139.61846250679133,-139.61846250679133,-139.61846250679133,-139.61846250679133,-139.61846250679133,-139.61846250679133,-139.61846250679133,-139.61846250679133,-139.61846250679133,-139.61283498669027,-139.61283498669027,-139.61283498669027,-139.61253923119878,-139.61253923119878,-139.61253923119878,-139.61164411667176,-139.61164411667176,-139.61164411667176,-139.61164411667176,-139.61164411667176,-139.61164411667176,-139.61164411667176,-139.61164411667176,-139.61164411667176,-139.61164411667176,-139.61164411667176,-139.61061204614353
solver Name,V_S,NPOPULATION,MAX_ITERATION,SEED
openaies,8.0,10,30,8
