D = propeller diameter [m],AEdAO = expanded area ratio,PdD = pitch ratio,Z = propeller's number of blades,P_B = power brake,n = Propeller angular speed [rpm],fitness,t075dD,tmin075dD,tal07R,cavLim,Vtip,Vtipmax,penalty,valid
0.8,0.8903577613173108,0.8281916172584161,6,,,-108.32381620426975
history
-108.32381620426975,-108.32381620426975,-108.32381620426975,-108.32381620426975,-108.32381620426975,-108.32381620426975,-108.32381620426975,-108.32381620426975,-108.32381620426975,-108.32381620426975,-108.32381620426975,-108.32381620426975,-108.32381620426975,-108.32381620426975,-108.32381620426975,-108.32381620426975,-108.32381620426975,-108.32381620426975,-108.32381620426975,-108.32381620426975,-108.32381620426975,-108.32381620426975,-108.32381620426975,-108.32381620426975,-108.32381620426975,-108.32381620426975,-108.32381620426975,-108.32381620426975,-108.32381620426975,-108.32381620426975
solver Name,V_S,NPOPULATION,MAX_ITERATION,SEED
openaies,7.5,10,30,6
