D = propeller diameter [m],AEdAO = expanded area ratio,PdD = pitch ratio,Z = propeller's number of blades,P_B = power brake,n = Propeller angular speed [rpm],fitness,t075dD,tmin075dD,tal07R,cavLim,Vtip,Vtipmax,penalty,valid
0.8,0.9900103483194624,0.7341643970840416,6,,,-138.2667737962587
history
-140.12184297817464,-138.2667737962587,-138.2667737962587,-138.2667737962587,-138.2667737962587,-138.2667737962587,-138.2667737962587,-138.2667737962587,-138.2667737962587,-138.2667737962587,-138.2667737962587,-138.2667737962587,-138.2667737962587,-138.2667737962587,-138.2667737962587,-138.2667737962587,-138.2667737962587,-138.2667737962587,-138.2667737962587,-138.2667737962587,-138.2667737962587,-138.2667737962587,-138.2667737962587,-138.2667737962587,-138.2667737962587,-138.2667737962587,-138.2667737962587,-138.2667737962587,-138.2667737962587,-138.2667737962587
solver Name,V_S,NPOPULATION,MAX_ITERATION,SEED
openaies,8.0,10,30,0
