D = propeller diameter [m],AEdAO = expanded area ratio,PdD = pitch ratio,Z = propeller's number of blades,P_B = power brake,n = Propeller angular speed [rpm],fitness,t075dD,tmin075dD,tal07R,cavLim,Vtip,Vtipmax,penalty,valid
0.8,0.7964549244283537,0.7356034167473897,5,107.08047776852547,107.08047776852547,-107.08047776852547
history
-138.64932250311207,-138.64932250311207,-138.64932250311207,-138.64932250311207,-114.93377016669108,-114.93377016669108,-108.29421136869816,-108.29421136869816,-108.29421136869816,-108.29421136869816,-108.29421136869816,-108.29421136869816,-107.18883641284869,-107.18883641284869,-107.18883641284869,-107.18883641284869,-107.18883641284869,-107.18883641284869,-107.18883641284869,-107.18883641284869,-107.18883641284869,-107.18883641284869,-107.18883641284869,-107.18883641284869,-107.18883641284869,-107.18883641284869,-107.18883641284869,-107.18883641284869,-107.18883641284869,-107.18883641284869
solver Name,V_S,NPOPULATION,MAX_ITERATION,SEED
DE,7.5,30,30,8
