D = propeller diameter [m],AEdAO = expanded area ratio,PdD = pitch ratio,Z = propeller's number of blades,P_B = power brake,n = Propeller angular speed [rpm],fitness,t075dD,tmin075dD,tal07R,cavLim,Vtip,Vtipmax,penalty,valid
0.7999996713988091,0.7811164080570983,0.6503761822675053,5,135.60859219342342,135.60859219342342,-135.60859219342342
history
-155.87502804903653,-155.87502804903653,-155.87502804903653,-155.87502804903653,-155.87502804903653,-155.87502804903653,-155.87502804903653,-155.87502804903653,-155.87502804903653,-155.87502804903653,-155.87502804903653,-155.87502804903653,-155.87502804903653,-155.87502804903653,-155.87502804903653,-155.87502804903653,-155.87502804903653,-142.72716151574082,-142.72716151574082,-142.72716151574082,-141.11522067987585,-140.62805649592235,-140.62805649592235,-140.62805649592235,-140.62805649592235,-140.62805649592235,-140.62805649592235,-140.62805649592235,-139.8420993290732,-139.8420993290732
solver Name,V_S,NPOPULATION,MAX_ITERATION,SEED
DE_mod,8.0,30,30,1
