D = propeller diameter [m],AEdAO = expanded area ratio,PdD = pitch ratio,Z = propeller's number of blades,P_B = power brake,n = Propeller angular speed [rpm],fitness,t075dD,tmin075dD,tal07R,cavLim,Vtip,Vtipmax,penalty,valid
0.7999999196001872,0.7888436185129754,0.662625416982482,5,,,-135.58141663716145,
history
-235.5916818511769,-142.57818508323743,-138.02349862901497,-138.02349862901497,-138.02349862901497,-138.02349862901497,-136.50165232860678,-136.50165232860678,-136.50165232860678,-136.50165232860678,-136.50165232860678,-136.50165232860678,-136.07020971271788,-136.07020971271788,-136.07020971271788,-135.7888477465194,-135.7888477465194,-135.7888477465194,-135.7888477465194,-135.7888477465194,-135.78104205386774,-135.69036100795304,-135.65073337972967,-135.65073337972967,-135.65073337972967,-135.65073337972967,-135.59983123599505,-135.59983123599505,-135.58141663716145,-135.58141663716145
