D = propeller diameter [m],AEdAO = expanded area ratio,PdD = pitch ratio,Z = propeller's number of blades,P_B = power brake,n = Propeller angular speed [rpm],fitness,t075dD,tmin075dD,tal07R,cavLim,Vtip,Vtipmax,penalty,valid
0.8,0.7872769915930713,0.6579101992228998,5,,,-135.61253444718528,
history
-235.56903078107078,-137.60677183187934,-137.60677183187934,-136.8103952219777,-136.75116096222803,-136.26559640206997,-135.61253444718528,-135.61253444718528,-135.61253444718528,-135.61253444718528,-135.61253444718528,-135.61253444718528,-135.61253444718528,-135.61253444718528,-135.61253444718528,-135.61253444718528,-135.61253444718528,-135.61253444718528,-135.61253444718528,-135.61253444718528,-135.61253444718528,-135.61253444718528,-135.61253444718528,-135.61253444718528,-135.61253444718528,-135.61253444718528,-135.61253444718528,-135.61253444718528,-135.61253444718528,-135.61253444718528
