D = propeller diameter [m],AEdAO = expanded area ratio,PdD = pitch ratio,Z = propeller's number of blades,P_B = power brake,n = Propeller angular speed [rpm],fitness,t075dD,tmin075dD,tal07R,cavLim,Vtip,Vtipmax,penalty,valid
0.8,0.8592115898573314,0.7548957866080236,6,107.40270095035353,107.40270095035353,-107.40270095035353
history
-138.8502461493247,-138.8502461493247,-138.8502461493247,-138.8502461493247,-138.8502461493247,-138.8502461493247,-138.8502461493247,-138.8502461493247,-138.8502461493247,-138.8502461493247,-138.8502461493247,-138.8502461493247,-138.8502461493247,-117.27021770076831,-117.27021770076831,-110.11499266443634,-110.11499266443634,-109.9119948097573,-109.9119948097573,-109.9119948097573,-109.9119948097573,-109.9119948097573,-109.9119948097573,-108.61413660916098,-108.61413660916098,-108.61413660916098,-108.61413660916098,-108.61413660916098,-108.61413660916098,-108.61413660916098
solver Name,V_S,NPOPULATION,MAX_ITERATION,SEED
DE,7.5,30,30,5
