D = propeller diameter [m],AEdAO = expanded area ratio,PdD = pitch ratio,Z = propeller's number of blades,P_B = power brake,n = Propeller angular speed [rpm],fitness,t075dD,tmin075dD,tal07R,cavLim,Vtip,Vtipmax,penalty,valid
0.7998635440623407,0.8890642748452773,0.6635461037186919,6,,,-169.51226457246372,
history
-291.4137921419649,-221.6921193749616,-205.16470527083868,-172.92942416921866,-172.92942416921866,-172.92942416921866,-172.92942416921866,-171.61845155962897,-171.19681916696828,-171.19681916696828,-170.0121969620758,-170.0121969620758,-170.0121969620758,-170.0121969620758,-170.0121969620758,-170.0121969620758,-169.98993753188532,-169.98993753188532,-169.98993753188532,-169.86627526529927,-169.86627526529927,-169.86627526529927,-169.86627526529927,-169.5842209948345,-169.5842209948345,-169.5842209948345,-169.51226457246372,-169.51226457246372,-169.51226457246372,-169.51226457246372
