D = propeller diameter [m],AEdAO = expanded area ratio,PdD = pitch ratio,Z = propeller's number of blades,P_B = power brake,n = Propeller angular speed [rpm],fitness,t075dD,tmin075dD,tal07R,cavLim,Vtip,Vtipmax,penalty,valid
0.8,1.05,0.7556817548887897,6,,,-139.61536328254905
history
-228.3758682152129,-218.43483139393365,-161.91865876668456,-147.55213677389324,-142.81529287993916,-140.28960332114903,-139.61536328254905,-139.61536328254905,-139.61536328254905,-139.61536328254905,-139.61536328254905,-139.61536328254905,-139.61536328254905,-139.61536328254905,-139.61536328254905,-139.61536328254905,-139.61536328254905,-139.61536328254905,-139.61536328254905,-139.61536328254905,-139.61536328254905,-139.61536328254905,-139.61536328254905,-139.61536328254905,-139.61536328254905,-139.61536328254905,-139.61536328254905,-139.61536328254905,-139.61536328254905,-139.61536328254905
solver Name,V_S,NPOPULATION,MAX_ITERATION,SEED
openaies,8.0,10,30,1
