D = propeller diameter [m],AEdAO = expanded area ratio,PdD = pitch ratio,Z = propeller's number of blades,P_B = power brake,n = Propeller angular speed [rpm],fitness,t075dD,tmin075dD,tal07R,cavLim,Vtip,Vtipmax,penalty,valid
0.8,0.7683542364996416,0.6889016164168373,5,106.67362650444186,106.67362650444186,-106.67362650444186
history
-147.26751418152634,-147.26751418152634,-147.26751418152634,-147.26751418152634,-147.26751418152634,-147.26751418152634,-147.26751418152634,-147.26751418152634,-130.1740995236286,-112.53608960665493,-112.53608960665493,-112.53608960665493,-112.53608960665493,-112.53608960665493,-112.53608960665493,-112.53608960665493,-112.53608960665493,-112.53608960665493,-112.53608960665493,-112.53608960665493,-110.3774811135931,-110.3774811135931,-110.3774811135931,-109.9495208465385,-109.9495208465385,-109.9495208465385,-109.9495208465385,-109.9495208465385,-107.13417504335396,-107.13417504335396
solver Name,V_S,NPOPULATION,MAX_ITERATION,SEED
DE_mod,7.5,30,30,6
