D = propeller diameter [m],AEdAO = expanded area ratio,PdD = pitch ratio,Z = propeller's number of blades,P_B = power brake,n = Propeller angular speed [rpm],fitness,t075dD,tmin075dD,tal07R,cavLim,Vtip,Vtipmax,penalty,valid
0.7999527554976651,0.8943140736632816,0.6734735556621214,6,,,-169.46588968436146
history
-292.4506423241205,-287.058098694689,-173.06579717073697,-173.06579717073697,-173.06579717073697,-173.06579717073697,-172.04525887230142,-172.04525887230142,-171.73859605830987,-171.73859605830987,-170.42399120045982,-170.42399120045982,-170.13726424228167,-170.13726424228167,-170.13726424228167,-170.13726424228167,-170.13726424228167,-170.13726424228167,-169.62046482637302,-169.48408957226968,-169.48408957226968,-169.48408957226968,-169.48102885642734,-169.48102885642734,-169.48102885642734,-169.48102885642734,-169.4752677620555,-169.46588968436146,-169.46588968436146,-169.46588968436146
solver Name,V_S,NPOPULATION,MAX_ITERATION,SEED
cmaes,8.5,10,30,1
