D = propeller diameter [m],AEdAO = expanded area ratio,PdD = pitch ratio,Z = propeller's number of blades,P_B = power brake,n = Propeller angular speed [rpm],fitness,t075dD,tmin075dD,tal07R,cavLim,Vtip,Vtipmax,penalty,valid
0.8,0.618784593473758,0.6469416644411367,5,,,-81.45091041103133
history
-174.31790543214402,-83.95885354851252,-82.9902840730252,-82.50629326963329,-81.82493503313913,-81.82493503313913,-81.82493503313913,-81.82493503313913,-81.82493503313913,-81.68907878673595,-81.68907878673595,-81.68907878673595,-81.68907878673595,-81.68907878673595,-81.68907878673595,-81.68907878673595,-81.45091041103133,-81.45091041103133,-81.45091041103133,-81.45091041103133,-81.45091041103133,-81.45091041103133,-81.45091041103133,-81.45091041103133,-81.45091041103133,-81.45091041103133,-81.45091041103133,-81.45091041103133,-81.45091041103133,-81.45091041103133
