D = propeller diameter [m],AEdAO = expanded area ratio,PdD = pitch ratio,Z = propeller's number of blades,P_B = power brake,n = Propeller angular speed [rpm],fitness,t075dD,tmin075dD,tal07R,cavLim,Vtip,Vtipmax,penalty,valid
0.8,1.05,0.7562040984816116,6,,,-139.61435552037096
history
-167.62208564011897,-149.6820325736199,-142.0316233705816,-141.8545587197929,-139.7883498539872,-139.61435552037096,-139.61435552037096,-139.61435552037096,-139.61435552037096,-139.61435552037096,-139.61435552037096,-139.61435552037096,-139.61435552037096,-139.61435552037096,-139.61435552037096,-139.61435552037096,-139.61435552037096,-139.61435552037096,-139.61435552037096,-139.61435552037096
