D = propeller diameter [m],AEdAO = expanded area ratio,PdD = pitch ratio,Z = propeller's number of blades,P_B = power brake,n = Propeller angular speed [rpm],fitness,t075dD,tmin075dD,tal07R,cavLim,Vtip,Vtipmax,penalty,valid
0.7999744482414519,0.7032692204142312,0.6619931940324721,5,,,-106.19551188621985
history
-111.47769533335682,-107.60337133581372,-107.60337133581372,-107.60337133581372,-107.40623481034898,-107.04988392720222,-107.04988392720222,-107.04988392720222,-106.6846458641067,-106.38259053976675,-106.38259053976675,-106.38259053976675,-106.38259053976675,-106.30887281188409,-106.2763348590348,-106.23083535315632,-106.22800430886983,-106.21493640088516,-106.21493640088516,-106.21493640088516,-106.20219206936164,-106.20219206936164,-106.20219206936164,-106.20219206936164,-106.20219206936164,-106.20219206936164,-106.19778051913612,-106.19664455693781,-106.19551188621985,-106.19551188621985
solver Name,V_S,NPOPULATION,MAX_ITERATION,SEED
cmaes,7.5,10,30,0
