D = propeller diameter [m],AEdAO = expanded area ratio,PdD = pitch ratio,Z = propeller's number of blades,P_B = power brake,n = Propeller angular speed [rpm],fitness,t075dD,tmin075dD,tal07R,cavLim,Vtip,Vtipmax,penalty,valid
0.7999990109462177,0.8909956533198911,0.6684671200022473,6,,,-169.46875803241795
history
-239.26532023675296,-198.50562225989077,-175.87472357342864,-175.87472357342864,-172.82204526311367,-172.28765014013356,-172.28765014013356,-172.28765014013356,-172.28765014013356,-171.82013456272543,-171.82013456272543,-171.82013456272543,-171.82013456272543,-171.10149813554713,-169.80193693989713,-169.80193693989713,-169.80193693989713,-169.80193693989713,-169.62292209935677,-169.5482267560009,-169.5482267560009,-169.5482267560009,-169.5482267560009,-169.48006232783857,-169.48006232783857,-169.46875803241795,-169.46875803241795,-169.46875803241795,-169.46875803241795,-169.46875803241795
solver Name,V_S,NPOPULATION,MAX_ITERATION,SEED
cmaes,8.5,10,30,6
