D = propeller diameter [m],AEdAO = expanded area ratio,PdD = pitch ratio,Z = propeller's number of blades,P_B = power brake,n = Propeller angular speed [rpm],fitness,t075dD,tmin075dD,tal07R,cavLim,Vtip,Vtipmax,penalty,valid
0.8,0.7931243831694197,0.6430787289502436,6,,,-135.89046787607035
history
-157.7052898344692,-135.9339461141278,-135.9339461141278,-135.9339461141278,-135.89046787607035,-135.89046787607035,-135.89046787607035,-135.89046787607035,-135.89046787607035,-135.89046787607035,-135.89046787607035,-135.89046787607035,-135.89046787607035,-135.89046787607035,-135.89046787607035,-135.89046787607035,-135.89046787607035,-135.89046787607035,-135.89046787607035,-135.89046787607035,-135.89046787607035,-135.89046787607035,-135.89046787607035,-135.89046787607035,-135.89046787607035,-135.89046787607035,-135.89046787607035,-135.89046787607035,-135.89046787607035,-135.89046787607035,-135.89046787607035,-135.89046787607035,-135.89046787607035,-135.89046787607035,-135.89046787607035,-135.89046787607035,-135.89046787607035,-135.89046787607035,-135.89046787607035,-135.89046787607035
