D = propeller diameter [m],AEdAO = expanded area ratio,PdD = pitch ratio,Z = propeller's number of blades,P_B = power brake,n = Propeller angular speed [rpm],fitness,t075dD,tmin075dD,tal07R,cavLim,Vtip,Vtipmax,penalty,valid
0.8,0.8311439001308046,0.6674225432793301,5,,,-136.18844845420986
history
-201.98571558443845,-201.98571558443845,-201.98571558443845,-159.34711308272736,-154.06592395121086,-154.06592395121086,-154.06592395121086,-139.48182771290195,-139.48182771290195,-139.48182771290195,-139.48182771290195,-139.48182771290195,-139.48182771290195,-139.48182771290195,-139.48182771290195,-139.48182771290195,-139.48182771290195,-136.18844845420986,-136.18844845420986,-136.18844845420986,-136.18844845420986,-136.18844845420986,-136.18844845420986,-136.18844845420986,-136.18844845420986,-136.18844845420986,-136.18844845420986,-136.18844845420986,-136.18844845420986,-136.18844845420986
