D = propeller diameter [m],AEdAO = expanded area ratio,PdD = pitch ratio,Z = propeller's number of blades,P_B = power brake,n = Propeller angular speed [rpm],fitness,t075dD,tmin075dD,tal07R,cavLim,Vtip,Vtipmax,penalty,valid
0.8,0.8000572826927087,0.6655686292061052,6,135.64365279983053,135.64365279983053,-135.64365279983053
history
-196.5195068439938,-196.5195068439938,-196.5195068439938,-142.68177181631216,-142.68177181631216,-142.68177181631216,-142.68177181631216,-142.68177181631216,-142.68177181631216,-142.68177181631216,-138.28160898269277,-138.28160898269277,-138.28160898269277,-138.28160898269277,-138.28160898269277,-138.28160898269277,-138.28160898269277,-138.28160898269277,-138.28160898269277,-138.28160898269277,-138.28160898269277,-138.28160898269277,-138.28160898269277,-138.28160898269277,-136.5409432287617,-136.5409432287617,-136.5409432287617,-136.5409432287617,-136.5409432287617,-136.5409432287617
solver Name,V_S,NPOPULATION,MAX_ITERATION,SEED
DE_mod,8.0,30,30,9
