D = propeller diameter [m],AEdAO = expanded area ratio,PdD = pitch ratio,Z = propeller's number of blades,P_B = power brake,n = Propeller angular speed [rpm],fitness,t075dD,tmin075dD,tal07R,cavLim,Vtip,Vtipmax,penalty,valid
0.8,0.7194515722532657,0.6551236029607979,5,,,-106.37193898030668,
history
-116.24428855026999,-107.51219409159722,-106.37193898030668,-106.37193898030668,-106.37193898030668,-106.37193898030668,-106.37193898030668,-106.37193898030668,-106.37193898030668,-106.37193898030668,-106.37193898030668,-106.37193898030668,-106.37193898030668,-106.37193898030668,-106.37193898030668,-106.37193898030668,-106.37193898030668,-106.37193898030668,-106.37193898030668,-106.37193898030668,-106.37193898030668,-106.37193898030668,-106.37193898030668,-106.37193898030668,-106.37193898030668,-106.37193898030668,-106.37193898030668,-106.37193898030668,-106.37193898030668,-106.37193898030668
