D = propeller diameter [m],AEdAO = expanded area ratio,PdD = pitch ratio,Z = propeller's number of blades,P_B = power brake,n = Propeller angular speed [rpm],fitness,t075dD,tmin075dD,tal07R,cavLim,Vtip,Vtipmax,penalty,valid
0.7999728018252962,0.7049444564260253,0.6639791117883829,5,,,-106.20168942818118
history
-129.46945561156642,-113.5673335218297,-110.70940974330425,-110.59093185958946,-110.12272860003162,-108.13872703481138,-108.13872703481138,-108.13872703481138,-108.13872703481138,-108.13872703481138,-108.13872703481138,-108.13872703481138,-108.13872703481138,-107.89481666092243,-106.90723893912201,-106.77583739466421,-106.77583739466421,-106.77583739466421,-106.25045299333166,-106.25045299333166,-106.24513501477931,-106.24513501477931,-106.24513501477931,-106.24513501477931,-106.24513501477931,-106.24513501477931,-106.24513501477931,-106.24513501477931,-106.20168942818118,-106.20168942818118
solver Name,V_S,NPOPULATION,MAX_ITERATION,SEED
cmaes,7.5,10,30,8
