D = propeller diameter [m],AEdAO = expanded area ratio,PdD = pitch ratio,Z = propeller's number of blades,P_B = power brake,n = Propeller angular speed [rpm],fitness,t075dD,tmin075dD,tal07R,cavLim,Vtip,Vtipmax,penalty,valid
0.8,0.8264021241719075,0.6326814437660624,6,,,-136.48074191604292
history
-715.7522922171985,-265.37867446367534,-208.35545675356786,-191.8163964039943,-137.82260232450082,-136.48074191604292,-136.48074191604292,-136.48074191604292,-136.48074191604292,-136.48074191604292,-136.48074191604292,-136.48074191604292,-136.48074191604292,-136.48074191604292,-136.48074191604292,-136.48074191604292,-136.48074191604292,-136.48074191604292,-136.48074191604292,-136.48074191604292,-136.48074191604292,-136.48074191604292,-136.48074191604292,-136.48074191604292,-136.48074191604292,-136.48074191604292,-136.48074191604292,-136.48074191604292,-136.48074191604292,-136.48074191604292
