D = propeller diameter [m],AEdAO = expanded area ratio,PdD = pitch ratio,Z = propeller's number of blades,P_B = power brake,n = Propeller angular speed [rpm],fitness,t075dD,tmin075dD,tal07R,cavLim,Vtip,Vtipmax,penalty,valid
0.7999696509817483,0.705384050126517,0.665174639656091,5,,,-106.20468651437176
history
-109.5836534714514,-108.80908579954713,-107.80095151799802,-107.80095151799802,-107.80095151799802,-107.80095151799802,-107.80095151799802,-107.12096703056152,-107.12096703056152,-106.58247887313644,-106.58247887313644,-106.58247887313644,-106.58247887313644,-106.58247887313644,-106.47189338504674,-106.24659392637263,-106.23403109452725,-106.23403109452725,-106.23403109452725,-106.21544773723664,-106.21544773723664,-106.21544773723664,-106.21544773723664,-106.21544773723664,-106.21544773723664,-106.21544773723664,-106.20708735480268,-106.20708735480268,-106.20708735480268,-106.20468651437176
solver Name,V_S,NPOPULATION,MAX_ITERATION,SEED
cmaes,7.5,10,30,2
