D = propeller diameter [m],AEdAO = expanded area ratio,PdD = pitch ratio,Z = propeller's number of blades,P_B = power brake,n = Propeller angular speed [rpm],fitness,t075dD,tmin075dD,tal07R,cavLim,Vtip,Vtipmax,penalty,valid
0.8,0.9786374837031973,0.842746206406503,6,,,-84.25701557778973
history
-181.07479931342363,-163.15748407902106,-157.2827478771579,-117.22368422321327,-111.91367342123796,-90.61549074782354,-85.26667440784885,-85.26667440784885,-84.25701557778973,-84.25701557778973,-84.25701557778973,-84.25701557778973,-84.25701557778973,-84.25701557778973,-84.25701557778973,-84.25701557778973,-84.25701557778973,-84.25701557778973,-84.25701557778973,-84.25701557778973,-84.25701557778973,-84.25701557778973,-84.25701557778973,-84.25701557778973,-84.25701557778973,-84.25701557778973,-84.25701557778973,-84.25701557778973,-84.25701557778973,-84.25701557778973
